KdRek2,KdRek3,Nama_Jenis
"1.01.","1.01.01.","BAHAN"
"1.01.","1.01.02.","SUKU CADANG"
"1.01.","1.01.03.","ALAT/BAHAN UNTUK KEGIATAN KANTOR"
"1.01.","1.01.04.","OBAT-OBATAN"
"1.01.","1.01.05.","PERSEDIAAN UNTUK DIJUAL/DISERAHKAN"
"1.01.","1.01.06.","PERSEDIAAN UNTUK TUJUAN STRATEGIS/BERJAGA-JAGA"
"1.01.","1.01.07.","NATURA DAN PAKAN"
"1.01.","1.01.08.","PERSEDIAAN PENELITIAN BIOLOGI"
"1.02.","1.02.01.","KOMPONEN"
"1.02.","1.02.02.","PIPA"
"1.02.","1.02.03.","RAMBU-RAMBU"
"1.03.","1.03.01.","KOMPONEN BEKAS DAN PIPA BEKAS"
"2.01.","2.01.01.","TANAH KAS DESA"
"2.01.","2.01.02.","TANAH PERKAMPUNGAN"
"2.01.","2.01.03.","TANAH PERTANIAN"
"2.01.","2.01.04.","TANAH PERKEBUNAN"
"2.01.","2.01.05.","TANAH HUTAN"
"2.01.","2.01.06.","TANAH KEBUN CAMPURAN"
"2.01.","2.01.07.","TANAH KOLAM IKAN"
"2.01.","2.01.08.","TANAH DANAU / RAWA"
"2.01.","2.01.09.","TANAH TANDUS / RUSAK"
"2.01.","2.01.10.","TANAH ALANG-ALANG DAN PADANG RUMPUT"
"2.01.","2.01.11.","TANAH PERTAMBANGAN"
"2.01.","2.01.12.","TANAH UNTUK BANGUNAN GEDUNG"
"2.01.","2.01.13.","TANAH UNTUK BANGUNAN BUKAN GEDUNG"
"2.01.","2.01.14.","TANAH PENGGUNAAN LAINNYA"
"3.01.","3.01.01.","ALAT BESAR DARAT"
"3.01.","3.01.02.","ALAT BESAR APUNG"
"3.01.","3.01.03.","ALAT BANTU"
"3.02.","3.02.01.","ALAT ANGKUTAN DARAT BERMOTOR"
"3.02.","3.02.02.","ALAT ANGKUTAN DARAT TAK BERMOTOR"
"3.02.","3.02.03.","ALAT ANGKUTAN APUNG BERMOTOR"
"3.02.","3.02.04.","ALAT ANGKUTAN APUNG TAK BERMOTOR"
"3.03.","3.03.01.","ALAT BENGKEL BERMESIN"
"3.03.","3.03.02.","ALAT BENGKEL TAK BERMESIN"
"3.03.","3.03.03.","ALAT UKUR"
"3.04.","3.04.01.","ALAT PENGOLAHAN"
"3.05.","3.05.01.","ALAT KANTOR"
"3.05.","3.05.02.","ALAT RUMAH TANGGA"
"3.06.","3.06.01.","ALAT STUDIO"
"3.06.","3.06.02.","ALAT KOMUNIKASI"
"3.06.","3.06.03.","PERALATAN PEMANCAR"
"3.06.","3.06.04.","PERALATAN KOMUNIKASI NAVIGASI"
"3.07.","3.07.01.","KOMPUTER UNIT"
"3.07.","3.07.02.","PERALATAN KOMPUTER"
"3.08.","3.08.01.","ALAT PENGEBORAN MESIN"
"3.08.","3.08.02.","ALAT PENGEBORAN NON MESIN"
"3.09.","3.09.01.","SUMUR"
"3.09.","3.09.02.","PRODUKSI"
"3.09.","3.09.03.","PENGOLAHAN DAN PEMURNIAN"
"3.10.","3.10.01.","PERALATAN OLAH RAGA"
"4.01.","4.01.01.","BANGUNAN GEDUNG TEMPAT KERJA"
"4.01.","4.01.02.","HOTEL"
"4.02.","4.02.01.","CANDI/TUGU PERINGATAN/PRASASTI"
"5.01.","5.01.01.","JALAN"
"5.01.","5.01.02.","JEMBATAN"
"5.02.","5.02.01.","BANGUNAN AIR IRIGASI"
"5.02.","5.02.02.","BANGUNAN PENGAIRAN PASANG SURUT"
"5.02.","5.02.03.","BANGUNAN PENGEMBANGAN RAWA DAN POLDER"
"5.02.","5.02.04.","BANGUNAN PENGAMAN SUNGAI/PANTAI & PENANGGULANGAN BENCANA ALAM"
"5.02.","5.02.05.","BANGUNAN PENGEMBANGAN SUMBER AIR DAN AIR TANAH"
"5.02.","5.02.06.","BANGUNAN AIR BERSIH/AIR BAKU"
"5.02.","5.02.07.","BANGUNAN AIR KOTOR"
"5.03.","5.03.01.","INSTALASI AIR BERSIH / AIR BAKU"
"5.03.","5.03.02.","INSTALASI AIR KOTOR"
"5.03.","5.03.03.","INSTALASI PENGOLAHAN SAMPAH"
"5.03.","5.03.04.","INSTALASI PENGOLAHAN BAHAN BANGUNAN"
"5.03.","5.03.05.","INSTALASI PEMBANGKIT LISTRIK"
"5.03.","5.03.06.","INSTALASI GARDU LISTRIK"
"5.03.","5.03.07.","INSTALASI LAIN"
"5.04.","5.04.01.","JARINGAN AIR MINUM"
"5.04.","5.04.02.","JARINGAN LISTRIK"
"5.04.","5.04.03.","JARINGAN TELEPON"
"5.04.","5.04.04.","JARINGAN GAS"
"6.01.","6.01.01.","BAHAN PERPUSTAKAAN TERCETAK"
"6.01.","6.01.02.","BAHAN PERPUSTAKAAN TEREKAM DAN BENTUK MIKRO"
"6.01.","6.01.03.","KARTOGRAFI, NASKAH DAN LUKISAN"
"6.02.","6.02.01.","BARANG BERCORAK KESENIAN"
"6.02.","6.02.02.","ALAT BERCORAK KEBUDAYAAN"
"6.02.","6.02.03.","TANDA PENGHARGAAN BIDANG OLAH RAGA"
"6.03.","6.03.01.","HEWAN PIARAAN"
"6.03.","6.03.02.","TERNAK"
"6.03.","6.03.03.","HEWAN LAINNYA"
"6.04.","6.04.01.","IKAN BERSIRIP (PISCES/IKAN BERSIRIP)"
"6.04.","6.04.02.","CRUSTEA (UDANG, RAJUNGAN, KEPITING, DAN SEBANGSANYA)"
"6.04.","6.04.03.","MOLLUSCA (KERANG, TIRAM, CUMI-CUMI, GURITA, SIPUT, DAN SEBANGSANYA)"
"6.04.","6.04.04.","COELENTERATA (UBUR-UBUR DAN SEBANGSANYA)"
"6.04.","6.04.05.","ECHINODERMATA (TRIPANG, BULU BABI, DAN SEBANGSANYA)"
"6.04.","6.04.06.","AMPHIBIA (KODOK DAN SEBANGSANYA)"
"6.04.","6.04.07.","REPTILIA (BUAYA, PENYU, KURA-KURA, BIAWAK, ULAR AIR, DAN SEBANGSANYA"
"6.04.","6.04.08.","MAMMALIA (PAUS, LUMBA-LUMBA, PESUT, DUYUNG, DAN SEBANGSANYA)"
"6.04.","6.04.09.","ALGAE (RUMPUT LAUT DAN TUMBUH-TUMBUHAN LAIN YANG HIDUP DI DALAM AIR)"
"6.04.","6.04.10.","BIOTA PERAIRAN LAINNYA"
"6.05.","6.05.01.","TANAMAN"
"6.06.","6.06.01.","ASET TETAP DALAM RENOVASI"
"7.01.","7.01.01.","KONSTRUKSI DALAM PENGERJAAN"
"8.01.","8.01.01.","ASET TAK BERWUJUD"
