-- --------------------------------------------------------

--
-- Table structure for table `groups`
--

DROP TABLE IF EXISTS `groups`;
CREATE TABLE IF NOT EXISTS `groups` (
  `id` mediumint(8) UNSIGNED NOT NULL AUTO_INCREMENT,
  `name` varchar(20) NOT NULL,
  `description` varchar(100) NOT NULL,
  PRIMARY KEY (`id`)
) ENGINE=InnoDB AUTO_INCREMENT=5 DEFAULT CHARSET=utf8;

--
-- Dumping data for table `groups`
--

INSERT INTO `groups` (`id`, `name`, `description`) VALUES
(1, 'admin', 'Administrator'),
(2, 'operator', 'Operator'),
(3, 'redaksi', 'Redaksi'),
(4, 'kontributor', 'Kontributor');

-- --------------------------------------------------------

--
-- Table structure for table `group_perm`
--

DROP TABLE IF EXISTS `group_perm`;
CREATE TABLE IF NOT EXISTS `group_perm` (
  `id` int(10) NOT NULL AUTO_INCREMENT,
  `group_id` int(10) UNSIGNED NOT NULL,
  `perm_id` int(10) UNSIGNED DEFAULT NULL,
  `create_id` int(10) UNSIGNED DEFAULT NULL,
  `update_id` int(10) UNSIGNED DEFAULT NULL,
  `delete_id` int(10) UNSIGNED DEFAULT NULL,
  `print_id` int(10) UNSIGNED DEFAULT NULL,
  PRIMARY KEY (`id`)
) ENGINE=InnoDB AUTO_INCREMENT=756 DEFAULT CHARSET=utf8;

--
-- Dumping data for table `group_perm`
--

INSERT INTO `group_perm` (`id`, `group_id`, `perm_id`, `create_id`, `update_id`, `delete_id`, `print_id`) VALUES
(1, 1, 1, 0, 0, 0, 0),
(2, 1, 200, 0, 0, 0, 0),
(3, 1, 2, 0, 0, 0, 0),
(4, 1, 3, 0, 0, 0, 0),
(5, 1, 4, 0, 0, 0, 0),
(6, 1, 15, 0, 0, 0, 0),
(7, 1, 5, 0, 0, 0, 0),
(8, 1, 201, 0, 0, 0, 0),
(9, 1, 6, 0, 0, 0, 0),
(10, 1, 7, 0, 0, 0, 0),
(11, 1, 9, 0, 0, 0, 0),
(12, 1, 10, 0, 0, 0, 0),
(13, 1, 11, 0, 0, 0, 0),
(14, 1, 13, 0, 0, 0, 0),
(15, 1, 14, 0, 0, 0, 0),
(16, 1, 0, 1, 0, 0, 0),
(17, 1, 0, 200, 0, 0, 0),
(18, 1, 0, 2, 0, 0, 0),
(19, 1, 0, 3, 0, 0, 0),
(20, 1, 0, 4, 0, 0, 0),
(21, 1, 0, 15, 0, 0, 0),
(22, 1, 0, 5, 0, 0, 0),
(23, 1, 0, 201, 0, 0, 0),
(24, 1, 0, 6, 0, 0, 0),
(25, 1, 0, 7, 0, 0, 0),
(26, 1, 0, 9, 0, 0, 0),
(27, 1, 0, 10, 0, 0, 0),
(28, 1, 0, 11, 0, 0, 0),
(29, 1, 0, 13, 0, 0, 0),
(30, 1, 0, 14, 0, 0, 0),
(31, 1, 0, 0, 1, 0, 0),
(32, 1, 0, 0, 200, 0, 0),
(33, 1, 0, 0, 2, 0, 0),
(34, 1, 0, 0, 3, 0, 0),
(35, 1, 0, 0, 4, 0, 0),
(36, 1, 0, 0, 15, 0, 0),
(37, 1, 0, 0, 5, 0, 0),
(38, 1, 0, 0, 201, 0, 0),
(39, 1, 0, 0, 6, 0, 0),
(40, 1, 0, 0, 7, 0, 0),
(41, 1, 0, 0, 9, 0, 0),
(42, 1, 0, 0, 10, 0, 0),
(43, 1, 0, 0, 11, 0, 0),
(44, 1, 0, 0, 13, 0, 0),
(45, 1, 0, 0, 14, 0, 0),
(46, 1, 0, 0, 0, 1, 0),
(47, 1, 0, 0, 0, 200, 0),
(48, 1, 0, 0, 0, 2, 0),
(49, 1, 0, 0, 0, 3, 0),
(50, 1, 0, 0, 0, 4, 0),
(51, 1, 0, 0, 0, 15, 0),
(52, 1, 0, 0, 0, 5, 0),
(53, 1, 0, 0, 0, 201, 0),
(54, 1, 0, 0, 0, 6, 0),
(55, 1, 0, 0, 0, 7, 0),
(56, 1, 0, 0, 0, 9, 0),
(57, 1, 0, 0, 0, 10, 0),
(58, 1, 0, 0, 0, 11, 0),
(59, 1, 0, 0, 0, 13, 0),
(60, 1, 0, 0, 0, 14, 0),
(61, 1, 0, 0, 0, 0, 1),
(62, 1, 0, 0, 0, 0, 200),
(63, 1, 0, 0, 0, 0, 2),
(64, 1, 0, 0, 0, 0, 3),
(65, 1, 0, 0, 0, 0, 4),
(66, 1, 0, 0, 0, 0, 15),
(67, 1, 0, 0, 0, 0, 5),
(68, 1, 0, 0, 0, 0, 201),
(69, 1, 0, 0, 0, 0, 6),
(70, 1, 0, 0, 0, 0, 7),
(71, 1, 0, 0, 0, 0, 9),
(72, 1, 0, 0, 0, 0, 10),
(73, 1, 0, 0, 0, 0, 11),
(74, 1, 0, 0, 0, 0, 13),
(75, 1, 0, 0, 0, 0, 14),
(76, 1, 17, 0, 0, 0, 0),
(77, 1, 20, 0, 0, 0, 0),
(78, 1, 18, 0, 0, 0, 0),
(79, 1, 21, 0, 0, 0, 0),
(80, 1, 22, 0, 0, 0, 0),
(81, 1, 23, 0, 0, 0, 0),
(82, 1, 24, 0, 0, 0, 0),
(83, 1, 25, 0, 0, 0, 0),
(84, 1, 26, 0, 0, 0, 0),
(85, 1, 27, 0, 0, 0, 0),
(86, 1, 28, 0, 0, 0, 0),
(87, 1, 29, 0, 0, 0, 0),
(88, 1, 30, 0, 0, 0, 0),
(89, 1, 31, 0, 0, 0, 0),
(90, 1, 32, 0, 0, 0, 0),
(91, 1, 33, 0, 0, 0, 0),
(92, 1, 57, 0, 0, 0, 0),
(93, 1, 58, 0, 0, 0, 0),
(94, 1, 59, 0, 0, 0, 0),
(95, 1, 60, 0, 0, 0, 0),
(96, 1, 61, 0, 0, 0, 0),
(97, 1, 63, 0, 0, 0, 0),
(98, 1, 67, 0, 0, 0, 0),
(99, 1, 68, 0, 0, 0, 0),
(100, 1, 69, 0, 0, 0, 0),
(101, 1, 70, 0, 0, 0, 0),
(102, 1, 71, 0, 0, 0, 0),
(103, 1, 72, 0, 0, 0, 0),
(104, 1, 73, 0, 0, 0, 0),
(105, 1, 202, 0, 0, 0, 0),
(106, 1, 203, 0, 0, 0, 0),
(107, 1, 62, 0, 0, 0, 0),
(108, 1, 8, 0, 0, 0, 0),
(109, 1, 39, 0, 0, 0, 0),
(110, 1, 40, 0, 0, 0, 0),
(111, 1, 41, 0, 0, 0, 0),
(112, 1, 42, 0, 0, 0, 0),
(113, 1, 43, 0, 0, 0, 0),
(114, 1, 44, 0, 0, 0, 0),
(115, 1, 204, 0, 0, 0, 0),
(116, 1, 45, 0, 0, 0, 0),
(117, 1, 46, 0, 0, 0, 0),
(118, 1, 47, 0, 0, 0, 0),
(119, 1, 48, 0, 0, 0, 0),
(120, 1, 49, 0, 0, 0, 0),
(121, 1, 50, 0, 0, 0, 0),
(122, 1, 51, 0, 0, 0, 0),
(123, 1, 52, 0, 0, 0, 0),
(124, 1, 53, 0, 0, 0, 0),
(125, 1, 54, 0, 0, 0, 0),
(126, 1, 64, 0, 0, 0, 0),
(127, 1, 55, 0, 0, 0, 0),
(128, 1, 56, 0, 0, 0, 0),
(129, 1, 0, 17, 0, 0, 0),
(130, 1, 0, 20, 0, 0, 0),
(131, 1, 0, 18, 0, 0, 0),
(132, 1, 0, 21, 0, 0, 0),
(133, 1, 0, 22, 0, 0, 0),
(134, 1, 0, 23, 0, 0, 0),
(135, 1, 0, 24, 0, 0, 0),
(136, 1, 0, 25, 0, 0, 0),
(137, 1, 0, 26, 0, 0, 0),
(138, 1, 0, 27, 0, 0, 0),
(139, 1, 0, 28, 0, 0, 0),
(140, 1, 0, 29, 0, 0, 0),
(141, 1, 0, 30, 0, 0, 0),
(142, 1, 0, 31, 0, 0, 0),
(143, 1, 0, 32, 0, 0, 0),
(144, 1, 0, 33, 0, 0, 0),
(145, 1, 0, 57, 0, 0, 0),
(146, 1, 0, 58, 0, 0, 0),
(147, 1, 0, 59, 0, 0, 0),
(148, 1, 0, 60, 0, 0, 0),
(149, 1, 0, 61, 0, 0, 0),
(150, 1, 0, 63, 0, 0, 0),
(151, 1, 0, 67, 0, 0, 0),
(152, 1, 0, 68, 0, 0, 0),
(153, 1, 0, 69, 0, 0, 0),
(154, 1, 0, 70, 0, 0, 0),
(155, 1, 0, 71, 0, 0, 0),
(156, 1, 0, 72, 0, 0, 0),
(157, 1, 0, 73, 0, 0, 0),
(158, 1, 0, 202, 0, 0, 0),
(159, 1, 0, 203, 0, 0, 0),
(160, 1, 0, 62, 0, 0, 0),
(161, 1, 0, 8, 0, 0, 0),
(162, 1, 0, 39, 0, 0, 0),
(163, 1, 0, 40, 0, 0, 0),
(164, 1, 0, 41, 0, 0, 0),
(165, 1, 0, 42, 0, 0, 0),
(166, 1, 0, 43, 0, 0, 0),
(167, 1, 0, 44, 0, 0, 0),
(168, 1, 0, 204, 0, 0, 0),
(169, 1, 0, 45, 0, 0, 0),
(170, 1, 0, 46, 0, 0, 0),
(171, 1, 0, 47, 0, 0, 0),
(172, 1, 0, 48, 0, 0, 0),
(173, 1, 0, 49, 0, 0, 0),
(174, 1, 0, 50, 0, 0, 0),
(175, 1, 0, 51, 0, 0, 0),
(176, 1, 0, 52, 0, 0, 0),
(177, 1, 0, 53, 0, 0, 0),
(178, 1, 0, 54, 0, 0, 0),
(179, 1, 0, 64, 0, 0, 0),
(180, 1, 0, 55, 0, 0, 0),
(181, 1, 0, 56, 0, 0, 0),
(182, 1, 0, 0, 17, 0, 0),
(183, 1, 0, 0, 20, 0, 0),
(184, 1, 0, 0, 18, 0, 0),
(185, 1, 0, 0, 21, 0, 0),
(186, 1, 0, 0, 22, 0, 0),
(187, 1, 0, 0, 23, 0, 0),
(188, 1, 0, 0, 24, 0, 0),
(189, 1, 0, 0, 25, 0, 0),
(190, 1, 0, 0, 26, 0, 0),
(191, 1, 0, 0, 27, 0, 0),
(192, 1, 0, 0, 28, 0, 0),
(193, 1, 0, 0, 29, 0, 0),
(194, 1, 0, 0, 30, 0, 0),
(195, 1, 0, 0, 31, 0, 0),
(196, 1, 0, 0, 32, 0, 0),
(197, 1, 0, 0, 33, 0, 0),
(198, 1, 0, 0, 57, 0, 0),
(199, 1, 0, 0, 58, 0, 0),
(200, 1, 0, 0, 59, 0, 0),
(201, 1, 0, 0, 60, 0, 0),
(202, 1, 0, 0, 61, 0, 0),
(203, 1, 0, 0, 63, 0, 0),
(204, 1, 0, 0, 67, 0, 0),
(205, 1, 0, 0, 68, 0, 0),
(206, 1, 0, 0, 69, 0, 0),
(207, 1, 0, 0, 70, 0, 0),
(208, 1, 0, 0, 71, 0, 0),
(209, 1, 0, 0, 72, 0, 0),
(210, 1, 0, 0, 73, 0, 0),
(211, 1, 0, 0, 202, 0, 0),
(212, 1, 0, 0, 203, 0, 0),
(213, 1, 0, 0, 62, 0, 0),
(214, 1, 0, 0, 8, 0, 0),
(215, 1, 0, 0, 39, 0, 0),
(216, 1, 0, 0, 40, 0, 0),
(217, 1, 0, 0, 41, 0, 0),
(218, 1, 0, 0, 42, 0, 0),
(219, 1, 0, 0, 43, 0, 0),
(220, 1, 0, 0, 44, 0, 0),
(221, 1, 0, 0, 204, 0, 0),
(222, 1, 0, 0, 45, 0, 0),
(223, 1, 0, 0, 46, 0, 0),
(224, 1, 0, 0, 47, 0, 0),
(225, 1, 0, 0, 48, 0, 0),
(226, 1, 0, 0, 49, 0, 0),
(227, 1, 0, 0, 50, 0, 0),
(228, 1, 0, 0, 51, 0, 0),
(229, 1, 0, 0, 52, 0, 0),
(230, 1, 0, 0, 53, 0, 0),
(231, 1, 0, 0, 54, 0, 0),
(232, 1, 0, 0, 64, 0, 0),
(233, 1, 0, 0, 55, 0, 0),
(234, 1, 0, 0, 56, 0, 0),
(235, 1, 0, 0, 0, 17, 0),
(236, 1, 0, 0, 0, 20, 0),
(237, 1, 0, 0, 0, 18, 0),
(238, 1, 0, 0, 0, 21, 0),
(239, 1, 0, 0, 0, 22, 0),
(240, 1, 0, 0, 0, 23, 0),
(241, 1, 0, 0, 0, 24, 0),
(242, 1, 0, 0, 0, 25, 0),
(243, 1, 0, 0, 0, 26, 0),
(244, 1, 0, 0, 0, 27, 0),
(245, 1, 0, 0, 0, 28, 0),
(246, 1, 0, 0, 0, 29, 0),
(247, 1, 0, 0, 0, 30, 0),
(248, 1, 0, 0, 0, 31, 0),
(249, 1, 0, 0, 0, 32, 0),
(250, 1, 0, 0, 0, 33, 0),
(251, 1, 0, 0, 0, 57, 0),
(252, 1, 0, 0, 0, 58, 0),
(253, 1, 0, 0, 0, 59, 0),
(254, 1, 0, 0, 0, 60, 0),
(255, 1, 0, 0, 0, 61, 0),
(256, 1, 0, 0, 0, 63, 0),
(257, 1, 0, 0, 0, 67, 0),
(258, 1, 0, 0, 0, 68, 0),
(259, 1, 0, 0, 0, 69, 0),
(260, 1, 0, 0, 0, 70, 0),
(261, 1, 0, 0, 0, 71, 0),
(262, 1, 0, 0, 0, 72, 0),
(263, 1, 0, 0, 0, 73, 0),
(264, 1, 0, 0, 0, 202, 0),
(265, 1, 0, 0, 0, 203, 0),
(266, 1, 0, 0, 0, 62, 0),
(267, 1, 0, 0, 0, 8, 0),
(268, 1, 0, 0, 0, 39, 0),
(269, 1, 0, 0, 0, 40, 0),
(270, 1, 0, 0, 0, 41, 0),
(271, 1, 0, 0, 0, 42, 0),
(272, 1, 0, 0, 0, 43, 0),
(273, 1, 0, 0, 0, 44, 0),
(274, 1, 0, 0, 0, 204, 0),
(275, 1, 0, 0, 0, 45, 0),
(276, 1, 0, 0, 0, 46, 0),
(277, 1, 0, 0, 0, 47, 0),
(278, 1, 0, 0, 0, 48, 0),
(279, 1, 0, 0, 0, 49, 0),
(280, 1, 0, 0, 0, 50, 0),
(281, 1, 0, 0, 0, 51, 0),
(282, 1, 0, 0, 0, 52, 0),
(283, 1, 0, 0, 0, 53, 0),
(284, 1, 0, 0, 0, 54, 0),
(285, 1, 0, 0, 0, 64, 0),
(286, 1, 0, 0, 0, 55, 0),
(287, 1, 0, 0, 0, 56, 0),
(288, 1, 0, 0, 0, 0, 17),
(289, 1, 0, 0, 0, 0, 20),
(290, 1, 0, 0, 0, 0, 18),
(291, 1, 0, 0, 0, 0, 21),
(292, 1, 0, 0, 0, 0, 22),
(293, 1, 0, 0, 0, 0, 23),
(294, 1, 0, 0, 0, 0, 24),
(295, 1, 0, 0, 0, 0, 25),
(296, 1, 0, 0, 0, 0, 26),
(297, 1, 0, 0, 0, 0, 27),
(298, 1, 0, 0, 0, 0, 28),
(299, 1, 0, 0, 0, 0, 29),
(300, 1, 0, 0, 0, 0, 30),
(301, 1, 0, 0, 0, 0, 31),
(302, 1, 0, 0, 0, 0, 32),
(303, 1, 0, 0, 0, 0, 33),
(304, 1, 0, 0, 0, 0, 57),
(305, 1, 0, 0, 0, 0, 58),
(306, 1, 0, 0, 0, 0, 59),
(307, 1, 0, 0, 0, 0, 60),
(308, 1, 0, 0, 0, 0, 61),
(309, 1, 0, 0, 0, 0, 63),
(310, 1, 0, 0, 0, 0, 67),
(311, 1, 0, 0, 0, 0, 68),
(312, 1, 0, 0, 0, 0, 69),
(313, 1, 0, 0, 0, 0, 70),
(314, 1, 0, 0, 0, 0, 71),
(315, 1, 0, 0, 0, 0, 72),
(316, 1, 0, 0, 0, 0, 73),
(317, 1, 0, 0, 0, 0, 202),
(318, 1, 0, 0, 0, 0, 203),
(319, 1, 0, 0, 0, 0, 62),
(320, 1, 0, 0, 0, 0, 8),
(321, 1, 0, 0, 0, 0, 39),
(322, 1, 0, 0, 0, 0, 40),
(323, 1, 0, 0, 0, 0, 41),
(324, 1, 0, 0, 0, 0, 42),
(325, 1, 0, 0, 0, 0, 43),
(326, 1, 0, 0, 0, 0, 44),
(327, 1, 0, 0, 0, 0, 204),
(328, 1, 0, 0, 0, 0, 45),
(329, 1, 0, 0, 0, 0, 46),
(330, 1, 0, 0, 0, 0, 47),
(331, 1, 0, 0, 0, 0, 48),
(332, 1, 0, 0, 0, 0, 49),
(333, 1, 0, 0, 0, 0, 50),
(334, 1, 0, 0, 0, 0, 51),
(335, 1, 0, 0, 0, 0, 52),
(336, 1, 0, 0, 0, 0, 53),
(337, 1, 0, 0, 0, 0, 54),
(338, 1, 0, 0, 0, 0, 64),
(339, 1, 0, 0, 0, 0, 55),
(340, 1, 0, 0, 0, 0, 56),
(341, 2, 1, 0, 0, 0, 0),
(342, 2, 200, 0, 0, 0, 0),
(343, 2, 2, 0, 0, 0, 0),
(344, 2, 3, 0, 0, 0, 0),
(345, 2, 4, 0, 0, 0, 0),
(346, 2, 15, 0, 0, 0, 0),
(347, 2, 5, 0, 0, 0, 0),
(348, 2, 201, 0, 0, 0, 0),
(349, 2, 6, 0, 0, 0, 0),
(350, 2, 7, 0, 0, 0, 0),
(351, 2, 9, 0, 0, 0, 0),
(352, 2, 10, 0, 0, 0, 0),
(353, 2, 11, 0, 0, 0, 0),
(354, 2, 13, 0, 0, 0, 0),
(355, 2, 14, 0, 0, 0, 0),
(356, 2, 0, 1, 0, 0, 0),
(357, 2, 0, 200, 0, 0, 0),
(358, 2, 0, 2, 0, 0, 0),
(359, 2, 0, 3, 0, 0, 0),
(360, 2, 0, 4, 0, 0, 0),
(361, 2, 0, 15, 0, 0, 0),
(362, 2, 0, 5, 0, 0, 0),
(363, 2, 0, 201, 0, 0, 0),
(364, 2, 0, 6, 0, 0, 0),
(365, 2, 0, 7, 0, 0, 0),
(366, 2, 0, 9, 0, 0, 0),
(367, 2, 0, 10, 0, 0, 0),
(368, 2, 0, 11, 0, 0, 0),
(369, 2, 0, 13, 0, 0, 0),
(370, 2, 0, 14, 0, 0, 0),
(371, 2, 0, 0, 1, 0, 0),
(372, 2, 0, 0, 200, 0, 0),
(373, 2, 0, 0, 2, 0, 0),
(374, 2, 0, 0, 3, 0, 0),
(375, 2, 0, 0, 4, 0, 0),
(376, 2, 0, 0, 15, 0, 0),
(377, 2, 0, 0, 5, 0, 0),
(378, 2, 0, 0, 201, 0, 0),
(379, 2, 0, 0, 6, 0, 0),
(380, 2, 0, 0, 7, 0, 0),
(381, 2, 0, 0, 9, 0, 0),
(382, 2, 0, 0, 10, 0, 0),
(383, 2, 0, 0, 11, 0, 0),
(384, 2, 0, 0, 13, 0, 0),
(385, 2, 0, 0, 14, 0, 0),
(386, 2, 0, 0, 0, 1, 0),
(387, 2, 0, 0, 0, 200, 0),
(388, 2, 0, 0, 0, 2, 0),
(389, 2, 0, 0, 0, 3, 0),
(390, 2, 0, 0, 0, 4, 0),
(391, 2, 0, 0, 0, 15, 0),
(392, 2, 0, 0, 0, 5, 0),
(393, 2, 0, 0, 0, 201, 0),
(394, 2, 0, 0, 0, 6, 0),
(395, 2, 0, 0, 0, 7, 0),
(396, 2, 0, 0, 0, 9, 0),
(397, 2, 0, 0, 0, 10, 0),
(398, 2, 0, 0, 0, 11, 0),
(399, 2, 0, 0, 0, 13, 0),
(400, 2, 0, 0, 0, 14, 0),
(401, 2, 0, 0, 0, 0, 1),
(402, 2, 0, 0, 0, 0, 200),
(403, 2, 0, 0, 0, 0, 2),
(404, 2, 0, 0, 0, 0, 3),
(405, 2, 0, 0, 0, 0, 4),
(406, 2, 0, 0, 0, 0, 15),
(407, 2, 0, 0, 0, 0, 5),
(408, 2, 0, 0, 0, 0, 201),
(409, 2, 0, 0, 0, 0, 6),
(410, 2, 0, 0, 0, 0, 7),
(411, 2, 0, 0, 0, 0, 9),
(412, 2, 0, 0, 0, 0, 10),
(413, 2, 0, 0, 0, 0, 11),
(414, 2, 0, 0, 0, 0, 13),
(415, 2, 0, 0, 0, 0, 14),
(416, 2, 17, 0, 0, 0, 0),
(417, 2, 20, 0, 0, 0, 0),
(418, 2, 18, 0, 0, 0, 0),
(419, 2, 21, 0, 0, 0, 0),
(420, 2, 22, 0, 0, 0, 0),
(421, 2, 23, 0, 0, 0, 0),
(422, 2, 24, 0, 0, 0, 0),
(423, 2, 25, 0, 0, 0, 0),
(424, 2, 26, 0, 0, 0, 0),
(425, 2, 27, 0, 0, 0, 0),
(426, 2, 28, 0, 0, 0, 0),
(427, 2, 29, 0, 0, 0, 0),
(428, 2, 30, 0, 0, 0, 0),
(429, 2, 31, 0, 0, 0, 0),
(430, 2, 32, 0, 0, 0, 0),
(431, 2, 33, 0, 0, 0, 0),
(432, 2, 57, 0, 0, 0, 0),
(433, 2, 58, 0, 0, 0, 0),
(434, 2, 59, 0, 0, 0, 0),
(435, 2, 60, 0, 0, 0, 0),
(436, 2, 61, 0, 0, 0, 0),
(437, 2, 63, 0, 0, 0, 0),
(438, 2, 67, 0, 0, 0, 0),
(439, 2, 68, 0, 0, 0, 0),
(440, 2, 69, 0, 0, 0, 0),
(441, 2, 70, 0, 0, 0, 0),
(442, 2, 71, 0, 0, 0, 0),
(443, 2, 72, 0, 0, 0, 0),
(444, 2, 73, 0, 0, 0, 0),
(445, 2, 202, 0, 0, 0, 0),
(446, 2, 203, 0, 0, 0, 0),
(447, 2, 62, 0, 0, 0, 0),
(448, 2, 8, 0, 0, 0, 0),
(449, 2, 39, 0, 0, 0, 0),
(450, 2, 40, 0, 0, 0, 0),
(451, 2, 41, 0, 0, 0, 0),
(452, 2, 42, 0, 0, 0, 0),
(453, 2, 47, 0, 0, 0, 0),
(454, 2, 48, 0, 0, 0, 0),
(455, 2, 49, 0, 0, 0, 0),
(456, 2, 50, 0, 0, 0, 0),
(457, 2, 51, 0, 0, 0, 0),
(458, 2, 52, 0, 0, 0, 0),
(459, 2, 53, 0, 0, 0, 0),
(460, 2, 54, 0, 0, 0, 0),
(461, 2, 64, 0, 0, 0, 0),
(462, 2, 55, 0, 0, 0, 0),
(463, 2, 56, 0, 0, 0, 0),
(464, 2, 0, 17, 0, 0, 0),
(465, 2, 0, 20, 0, 0, 0),
(466, 2, 0, 18, 0, 0, 0),
(467, 2, 0, 21, 0, 0, 0),
(468, 2, 0, 22, 0, 0, 0),
(469, 2, 0, 23, 0, 0, 0),
(470, 2, 0, 24, 0, 0, 0),
(471, 2, 0, 25, 0, 0, 0),
(472, 2, 0, 26, 0, 0, 0),
(473, 2, 0, 27, 0, 0, 0),
(474, 2, 0, 28, 0, 0, 0),
(475, 2, 0, 29, 0, 0, 0),
(476, 2, 0, 30, 0, 0, 0),
(477, 2, 0, 31, 0, 0, 0),
(478, 2, 0, 32, 0, 0, 0),
(479, 2, 0, 33, 0, 0, 0),
(480, 2, 0, 57, 0, 0, 0),
(481, 2, 0, 58, 0, 0, 0),
(482, 2, 0, 59, 0, 0, 0),
(483, 2, 0, 60, 0, 0, 0),
(484, 2, 0, 61, 0, 0, 0),
(485, 2, 0, 63, 0, 0, 0),
(486, 2, 0, 67, 0, 0, 0),
(487, 2, 0, 68, 0, 0, 0),
(488, 2, 0, 69, 0, 0, 0),
(489, 2, 0, 70, 0, 0, 0),
(490, 2, 0, 71, 0, 0, 0),
(491, 2, 0, 72, 0, 0, 0),
(492, 2, 0, 73, 0, 0, 0),
(493, 2, 0, 202, 0, 0, 0),
(494, 2, 0, 203, 0, 0, 0),
(495, 2, 0, 62, 0, 0, 0),
(496, 2, 0, 8, 0, 0, 0),
(497, 2, 0, 39, 0, 0, 0),
(498, 2, 0, 40, 0, 0, 0),
(499, 2, 0, 41, 0, 0, 0),
(500, 2, 0, 42, 0, 0, 0),
(501, 2, 0, 47, 0, 0, 0),
(502, 2, 0, 48, 0, 0, 0),
(503, 2, 0, 49, 0, 0, 0),
(504, 2, 0, 50, 0, 0, 0),
(505, 2, 0, 51, 0, 0, 0),
(506, 2, 0, 52, 0, 0, 0),
(507, 2, 0, 53, 0, 0, 0),
(508, 2, 0, 54, 0, 0, 0),
(509, 2, 0, 64, 0, 0, 0),
(510, 2, 0, 55, 0, 0, 0),
(511, 2, 0, 56, 0, 0, 0),
(512, 2, 0, 0, 17, 0, 0),
(513, 2, 0, 0, 20, 0, 0),
(514, 2, 0, 0, 18, 0, 0),
(515, 2, 0, 0, 21, 0, 0),
(516, 2, 0, 0, 22, 0, 0),
(517, 2, 0, 0, 23, 0, 0),
(518, 2, 0, 0, 24, 0, 0),
(519, 2, 0, 0, 25, 0, 0),
(520, 2, 0, 0, 26, 0, 0),
(521, 2, 0, 0, 27, 0, 0),
(522, 2, 0, 0, 28, 0, 0),
(523, 2, 0, 0, 29, 0, 0),
(524, 2, 0, 0, 30, 0, 0),
(525, 2, 0, 0, 31, 0, 0),
(526, 2, 0, 0, 32, 0, 0),
(527, 2, 0, 0, 33, 0, 0),
(528, 2, 0, 0, 57, 0, 0),
(529, 2, 0, 0, 58, 0, 0),
(530, 2, 0, 0, 59, 0, 0),
(531, 2, 0, 0, 60, 0, 0),
(532, 2, 0, 0, 61, 0, 0),
(533, 2, 0, 0, 63, 0, 0),
(534, 2, 0, 0, 67, 0, 0),
(535, 2, 0, 0, 68, 0, 0),
(536, 2, 0, 0, 69, 0, 0),
(537, 2, 0, 0, 70, 0, 0),
(538, 2, 0, 0, 71, 0, 0),
(539, 2, 0, 0, 72, 0, 0),
(540, 2, 0, 0, 73, 0, 0),
(541, 2, 0, 0, 202, 0, 0),
(542, 2, 0, 0, 203, 0, 0),
(543, 2, 0, 0, 62, 0, 0),
(544, 2, 0, 0, 8, 0, 0),
(545, 2, 0, 0, 39, 0, 0),
(546, 2, 0, 0, 40, 0, 0),
(547, 2, 0, 0, 41, 0, 0),
(548, 2, 0, 0, 42, 0, 0),
(549, 2, 0, 0, 47, 0, 0),
(550, 2, 0, 0, 48, 0, 0),
(551, 2, 0, 0, 49, 0, 0),
(552, 2, 0, 0, 50, 0, 0),
(553, 2, 0, 0, 51, 0, 0),
(554, 2, 0, 0, 52, 0, 0),
(555, 2, 0, 0, 53, 0, 0),
(556, 2, 0, 0, 54, 0, 0),
(557, 2, 0, 0, 64, 0, 0),
(558, 2, 0, 0, 55, 0, 0),
(559, 2, 0, 0, 56, 0, 0),
(560, 2, 0, 0, 0, 17, 0),
(561, 2, 0, 0, 0, 20, 0),
(562, 2, 0, 0, 0, 18, 0),
(563, 2, 0, 0, 0, 21, 0),
(564, 2, 0, 0, 0, 22, 0),
(565, 2, 0, 0, 0, 23, 0),
(566, 2, 0, 0, 0, 24, 0),
(567, 2, 0, 0, 0, 25, 0),
(568, 2, 0, 0, 0, 26, 0),
(569, 2, 0, 0, 0, 27, 0),
(570, 2, 0, 0, 0, 28, 0),
(571, 2, 0, 0, 0, 29, 0),
(572, 2, 0, 0, 0, 30, 0),
(573, 2, 0, 0, 0, 31, 0),
(574, 2, 0, 0, 0, 32, 0),
(575, 2, 0, 0, 0, 33, 0),
(576, 2, 0, 0, 0, 57, 0),
(577, 2, 0, 0, 0, 58, 0),
(578, 2, 0, 0, 0, 59, 0),
(579, 2, 0, 0, 0, 60, 0),
(580, 2, 0, 0, 0, 61, 0),
(581, 2, 0, 0, 0, 63, 0),
(582, 2, 0, 0, 0, 67, 0),
(583, 2, 0, 0, 0, 68, 0),
(584, 2, 0, 0, 0, 69, 0),
(585, 2, 0, 0, 0, 70, 0),
(586, 2, 0, 0, 0, 71, 0),
(587, 2, 0, 0, 0, 72, 0),
(588, 2, 0, 0, 0, 73, 0),
(589, 2, 0, 0, 0, 202, 0),
(590, 2, 0, 0, 0, 203, 0),
(591, 2, 0, 0, 0, 62, 0),
(592, 2, 0, 0, 0, 8, 0),
(593, 2, 0, 0, 0, 39, 0),
(594, 2, 0, 0, 0, 40, 0),
(595, 2, 0, 0, 0, 41, 0),
(596, 2, 0, 0, 0, 42, 0),
(597, 2, 0, 0, 0, 47, 0),
(598, 2, 0, 0, 0, 48, 0),
(599, 2, 0, 0, 0, 49, 0),
(600, 2, 0, 0, 0, 50, 0),
(601, 2, 0, 0, 0, 51, 0),
(602, 2, 0, 0, 0, 52, 0),
(603, 2, 0, 0, 0, 53, 0),
(604, 2, 0, 0, 0, 54, 0),
(605, 2, 0, 0, 0, 64, 0),
(606, 2, 0, 0, 0, 55, 0),
(607, 2, 0, 0, 0, 56, 0),
(608, 2, 0, 0, 0, 0, 17),
(609, 2, 0, 0, 0, 0, 20),
(610, 2, 0, 0, 0, 0, 18),
(611, 2, 0, 0, 0, 0, 21),
(612, 2, 0, 0, 0, 0, 22),
(613, 2, 0, 0, 0, 0, 23),
(614, 2, 0, 0, 0, 0, 24),
(615, 2, 0, 0, 0, 0, 25),
(616, 2, 0, 0, 0, 0, 26),
(617, 2, 0, 0, 0, 0, 27),
(618, 2, 0, 0, 0, 0, 28),
(619, 2, 0, 0, 0, 0, 29),
(620, 2, 0, 0, 0, 0, 30),
(621, 2, 0, 0, 0, 0, 31),
(622, 2, 0, 0, 0, 0, 32),
(623, 2, 0, 0, 0, 0, 33),
(624, 2, 0, 0, 0, 0, 57),
(625, 2, 0, 0, 0, 0, 58),
(626, 2, 0, 0, 0, 0, 59),
(627, 2, 0, 0, 0, 0, 60),
(628, 2, 0, 0, 0, 0, 61),
(629, 2, 0, 0, 0, 0, 63),
(630, 2, 0, 0, 0, 0, 67),
(631, 2, 0, 0, 0, 0, 68),
(632, 2, 0, 0, 0, 0, 69),
(633, 2, 0, 0, 0, 0, 70),
(634, 2, 0, 0, 0, 0, 71),
(635, 2, 0, 0, 0, 0, 72),
(636, 2, 0, 0, 0, 0, 73),
(637, 2, 0, 0, 0, 0, 202),
(638, 2, 0, 0, 0, 0, 203),
(639, 2, 0, 0, 0, 0, 62),
(640, 2, 0, 0, 0, 0, 8),
(641, 2, 0, 0, 0, 0, 39),
(642, 2, 0, 0, 0, 0, 40),
(643, 2, 0, 0, 0, 0, 41),
(644, 2, 0, 0, 0, 0, 42),
(645, 2, 0, 0, 0, 0, 47),
(646, 2, 0, 0, 0, 0, 48),
(647, 2, 0, 0, 0, 0, 49),
(648, 2, 0, 0, 0, 0, 50),
(649, 2, 0, 0, 0, 0, 51),
(650, 2, 0, 0, 0, 0, 52),
(651, 2, 0, 0, 0, 0, 53),
(652, 2, 0, 0, 0, 0, 54),
(653, 2, 0, 0, 0, 0, 64),
(654, 2, 0, 0, 0, 0, 55),
(655, 2, 0, 0, 0, 0, 56),
(656, 3, 13, 0, 0, 0, 0),
(657, 3, 0, 13, 0, 0, 0),
(658, 3, 0, 0, 13, 0, 0),
(659, 3, 0, 0, 0, 13, 0),
(660, 3, 0, 0, 0, 0, 13),
(661, 3, 47, 0, 0, 0, 0),
(662, 3, 48, 0, 0, 0, 0),
(663, 3, 49, 0, 0, 0, 0),
(664, 3, 50, 0, 0, 0, 0),
(665, 3, 51, 0, 0, 0, 0),
(666, 3, 52, 0, 0, 0, 0),
(667, 3, 53, 0, 0, 0, 0),
(668, 3, 54, 0, 0, 0, 0),
(669, 3, 64, 0, 0, 0, 0),
(670, 3, 0, 47, 0, 0, 0),
(671, 3, 0, 48, 0, 0, 0),
(672, 3, 0, 49, 0, 0, 0),
(673, 3, 0, 50, 0, 0, 0),
(674, 3, 0, 51, 0, 0, 0),
(675, 3, 0, 52, 0, 0, 0),
(676, 3, 0, 53, 0, 0, 0),
(677, 3, 0, 54, 0, 0, 0),
(678, 3, 0, 64, 0, 0, 0),
(679, 3, 0, 0, 47, 0, 0),
(680, 3, 0, 0, 48, 0, 0),
(681, 3, 0, 0, 49, 0, 0),
(682, 3, 0, 0, 50, 0, 0),
(683, 3, 0, 0, 51, 0, 0),
(684, 3, 0, 0, 52, 0, 0),
(685, 3, 0, 0, 53, 0, 0),
(686, 3, 0, 0, 54, 0, 0),
(687, 3, 0, 0, 64, 0, 0),
(688, 3, 0, 0, 0, 47, 0),
(689, 3, 0, 0, 0, 48, 0),
(690, 3, 0, 0, 0, 49, 0),
(691, 3, 0, 0, 0, 50, 0),
(692, 3, 0, 0, 0, 51, 0),
(693, 3, 0, 0, 0, 52, 0),
(694, 3, 0, 0, 0, 53, 0),
(695, 3, 0, 0, 0, 54, 0),
(696, 3, 0, 0, 0, 64, 0),
(697, 3, 0, 0, 0, 0, 47),
(698, 3, 0, 0, 0, 0, 48),
(699, 3, 0, 0, 0, 0, 49),
(700, 3, 0, 0, 0, 0, 50),
(701, 3, 0, 0, 0, 0, 51),
(702, 3, 0, 0, 0, 0, 52),
(703, 3, 0, 0, 0, 0, 53),
(704, 3, 0, 0, 0, 0, 54),
(705, 3, 0, 0, 0, 0, 64),
(706, 4, 13, 0, 0, 0, 0),
(707, 4, 0, 13, 0, 0, 0),
(708, 4, 0, 0, 13, 0, 0),
(709, 4, 0, 0, 0, 13, 0),
(710, 4, 0, 0, 0, 0, 13),
(711, 4, 47, 0, 0, 0, 0),
(712, 4, 48, 0, 0, 0, 0),
(713, 4, 49, 0, 0, 0, 0),
(714, 4, 50, 0, 0, 0, 0),
(715, 4, 51, 0, 0, 0, 0),
(716, 4, 52, 0, 0, 0, 0),
(717, 4, 53, 0, 0, 0, 0),
(718, 4, 54, 0, 0, 0, 0),
(719, 4, 64, 0, 0, 0, 0),
(720, 4, 0, 47, 0, 0, 0),
(721, 4, 0, 48, 0, 0, 0),
(722, 4, 0, 49, 0, 0, 0),
(723, 4, 0, 50, 0, 0, 0),
(724, 4, 0, 51, 0, 0, 0),
(725, 4, 0, 52, 0, 0, 0),
(726, 4, 0, 53, 0, 0, 0),
(727, 4, 0, 54, 0, 0, 0),
(728, 4, 0, 64, 0, 0, 0),
(729, 4, 0, 0, 47, 0, 0),
(730, 4, 0, 0, 48, 0, 0),
(731, 4, 0, 0, 49, 0, 0),
(732, 4, 0, 0, 50, 0, 0),
(733, 4, 0, 0, 51, 0, 0),
(734, 4, 0, 0, 52, 0, 0),
(735, 4, 0, 0, 53, 0, 0),
(736, 4, 0, 0, 54, 0, 0),
(737, 4, 0, 0, 64, 0, 0),
(738, 4, 0, 0, 0, 47, 0),
(739, 4, 0, 0, 0, 48, 0),
(740, 4, 0, 0, 0, 49, 0),
(741, 4, 0, 0, 0, 50, 0),
(742, 4, 0, 0, 0, 51, 0),
(743, 4, 0, 0, 0, 52, 0),
(744, 4, 0, 0, 0, 53, 0),
(745, 4, 0, 0, 0, 54, 0),
(746, 4, 0, 0, 0, 64, 0),
(747, 4, 0, 0, 0, 0, 47),
(748, 4, 0, 0, 0, 0, 48),
(749, 4, 0, 0, 0, 0, 49),
(750, 4, 0, 0, 0, 0, 50),
(751, 4, 0, 0, 0, 0, 51),
(752, 4, 0, 0, 0, 0, 52),
(753, 4, 0, 0, 0, 0, 53),
(754, 4, 0, 0, 0, 0, 54),
(755, 4, 0, 0, 0, 0, 64);

-- --------------------------------------------------------

--
-- Table structure for table `login_attempts`
--

DROP TABLE IF EXISTS `login_attempts`;
CREATE TABLE IF NOT EXISTS `login_attempts` (
  `id` int(11) UNSIGNED NOT NULL AUTO_INCREMENT,
  `ip_address` varchar(15) NOT NULL,
  `login` varchar(100) NOT NULL,
  `time` int(11) UNSIGNED DEFAULT NULL,
  PRIMARY KEY (`id`)
) ENGINE=InnoDB AUTO_INCREMENT=1 DEFAULT CHARSET=utf8;

-- --------------------------------------------------------

--
-- Table structure for table `users`
--

DROP TABLE IF EXISTS `users`;
CREATE TABLE IF NOT EXISTS `users` (
  `id` int(11) UNSIGNED NOT NULL AUTO_INCREMENT,
  `ip_address` varchar(45) NOT NULL,
  `username` varchar(100) DEFAULT NULL,
  `password` varchar(255) NOT NULL,
  `email` varchar(254) NOT NULL,
  `activation_selector` varchar(255) DEFAULT NULL,
  `activation_code` varchar(255) DEFAULT NULL,
  `forgotten_password_selector` varchar(255) DEFAULT NULL,
  `forgotten_password_code` varchar(255) DEFAULT NULL,
  `forgotten_password_time` int(11) UNSIGNED DEFAULT NULL,
  `remember_selector` varchar(255) DEFAULT NULL,
  `remember_code` varchar(255) DEFAULT NULL,
  `created_on` int(11) UNSIGNED NOT NULL,
  `last_login` int(11) UNSIGNED DEFAULT NULL,
  `active` tinyint(1) UNSIGNED DEFAULT NULL,
  `first_name` varchar(50) DEFAULT NULL,
  `last_name` varchar(50) DEFAULT NULL,
  `company` varchar(100) DEFAULT NULL,
  `phone` varchar(20) DEFAULT NULL,
  `user_img` text,
  `id_grup` int(11) UNSIGNED DEFAULT NULL,
  PRIMARY KEY (`id`),
  UNIQUE KEY `uc_email` (`email`),
  UNIQUE KEY `uc_activation_selector` (`activation_selector`),
  UNIQUE KEY `uc_forgotten_password_selector` (`forgotten_password_selector`),
  UNIQUE KEY `uc_remember_selector` (`remember_selector`)
) ENGINE=InnoDB AUTO_INCREMENT=5 DEFAULT CHARSET=utf8;

--
-- Dumping data for table `users`
--

INSERT INTO `users` (`id`, `ip_address`, `username`, `password`, `email`, `activation_selector`, `activation_code`, `forgotten_password_selector`, `forgotten_password_code`, `forgotten_password_time`, `remember_selector`, `remember_code`, `created_on`, `last_login`, `active`, `first_name`, `last_name`, `company`, `phone`, `user_img`, `id_grup`) VALUES
(1, '::1', 'administrator', '$2y$12$VCCzq5PRAqu35pCZvB9OTu2zFeWojWzzi8CDod4IJgPftkZKc4bDi', 'admin@opendesa.id', NULL, NULL, NULL, NULL, NULL, NULL, NULL, 1569987030, 1569987233, 1, 'administrator', 'administrator', 'opendesa', '08100000000', 'opensid_logo4.png', 0),
(2, '::1', 'operator', '$2y$10$qXSD5Q.VPB4A4/rB2PMjsOt.acZje6o/UDFnEZMkZNss7WY8.7B5O', 'operator@opendesa.id', NULL, NULL, NULL, NULL, NULL, NULL, NULL, 1569987815, 1569993160, 1, 'operator', 'operator', 'opendesa', '08100000000', NULL, 0),
(3, '::1', 'redaksi', '$2y$10$3.yQJwZ/0dzTuFP6QAm.devK84PxGYXs3sNFitQFofER5uY55Flvm', 'redaksi@opendesa.id', NULL, NULL, NULL, NULL, NULL, NULL, NULL, 1569987949, NULL, 1, 'redaksi', 'redaksi', 'opendesa', '08100000000', NULL, 0),
(4, '::1', 'kontributor', '$2y$10$5jg96gMw3bwFJt5KtScxuuW3V/dFddBJGcjHQ.9MWe.GHcatAmfdy', 'kontributor@opendesa.id', NULL, NULL, NULL, NULL, NULL, NULL, NULL, 1569988078, 1569988201, 1, 'kontributor', 'kontributor', 'opendesa', '08100000000', NULL, 0);

-- --------------------------------------------------------

--
-- Table structure for table `users_groups`
--

DROP TABLE IF EXISTS `users_groups`;
CREATE TABLE IF NOT EXISTS `users_groups` (
  `id` int(11) UNSIGNED NOT NULL AUTO_INCREMENT,
  `user_id` int(11) UNSIGNED NOT NULL,
  `group_id` mediumint(8) UNSIGNED NOT NULL,
  PRIMARY KEY (`id`),
  UNIQUE KEY `uc_users_groups` (`user_id`,`group_id`),
  KEY `fk_users_groups_users1_idx` (`user_id`),
  KEY `fk_users_groups_groups1_idx` (`group_id`)
) ENGINE=InnoDB AUTO_INCREMENT=5 DEFAULT CHARSET=utf8;

--
-- Dumping data for table `users_groups`
--

INSERT INTO `users_groups` (`id`, `user_id`, `group_id`) VALUES
(1, 1, 1),
(2, 2, 2),
(3, 3, 3),
(4, 4, 4);


--
-- Table structure for table `settings`
--

CREATE TABLE IF NOT EXISTS `settings` (
  `id` int(11) NOT NULL AUTO_INCREMENT,
  `registration_status` tinyint(4) NOT NULL,
  `forgot_pass_status` tinyint(4) NOT NULL,
  `socail_login_status` tinyint(4) NOT NULL,
  `two_factor_auth` tinyint(4) NOT NULL,
  PRIMARY KEY (`id`)
) ENGINE=InnoDB AUTO_INCREMENT=1 DEFAULT CHARSET=utf8;


--
-- Constraints for dumped tables
--

INSERT INTO `users` ( `username`, `password`, `email`, `last_login`, `active`, `first_name`, `company`, `phone`, `user_img`, `id_grup`) SELECT `username`, `password`, `email`,  `last_login`, `active`, `nama`, `company`, `phone`, `foto`, `id_grup` FROM `user`;

INSERT INTO `users_groups` (`user_id`, `group_id`) SELECT `id`, `id_grup` FROM `users` WHERE id > 4;

UPDATE `setting_modul` SET `url` = '' WHERE `setting_modul`.`id` = 11;

UPDATE `setting_modul` SET `url` = 'users' WHERE `setting_modul`.`id` = 44;

UPDATE `setting_modul` SET `urut` = '5' WHERE `setting_modul`.`id` = 45;

UPDATE `setting_modul` SET `urut` = '6' WHERE `setting_modul`.`id` = 46;

INSERT INTO `setting_modul` (`id`, `modul`, `url`, `aktif`, `ikon`, `urut`, `level`, `hidden`, `parent`) VALUES (204, 'Group / Hak Akses', 'user_groups', '1', 'fa-users', '4', '1', '0', '11');


--
-- Constraints for table `users_groups`
--
ALTER TABLE `users_groups`
  ADD CONSTRAINT `fk_users_groups_groups1` FOREIGN KEY (`group_id`) REFERENCES `groups` (`id`) ON DELETE CASCADE ON UPDATE NO ACTION,
  ADD CONSTRAINT `fk_users_groups_users1` FOREIGN KEY (`user_id`) REFERENCES `users` (`id`) ON DELETE CASCADE ON UPDATE NO ACTION;

/*!40101 SET CHARACTER_SET_CLIENT=@OLD_CHARACTER_SET_CLIENT */;
/*!40101 SET CHARACTER_SET_RESULTS=@OLD_CHARACTER_SET_RESULTS */;
/*!40101 SET COLLATION_CONNECTION=@OLD_COLLATION_CONNECTION */;
