KdPosting,Tahun,Kd_Desa,Kd_Keg,Kd_Rincian,Kd_SubRinci,No_Urut,Uraian,SumberDana,JmlSatuan,HrgSatuan,Satuan,Anggaran,JmlSatuanPAK,HrgSatuanPAK,AnggaranStlhPAK,AnggaranPAK
"2","2019","12.2009.","12.2009.00.00.00.","4.2.3.01.","01","01","Alokasi Dana Desa","ADD",1.0000000000000000e+00,6.7110000000000000e+08,"Tahun",6.7110000000000000e+08,1.0000000000000000e+00,6.7110000000000000e+08,6.7110000000000000e+08,0.0000000000000000e+00
"2","2019","12.2009.","12.2009.01.01.01.","5.1.1.01.","01","01","Kepala Desa (1 Org)","ADD",1.2000000000000000e+01,2.7000000000000000e+06,"OB",3.2400000000000000e+07,1.2000000000000000e+01,2.7000000000000000e+06,3.2400000000000000e+07,0.0000000000000000e+00
"2","2019","12.2009.","12.2009.01.01.01.","5.1.1.02.","01","01","Beban Kerja Kepala Desa (1 Org)","ADD",1.2000000000000000e+01,1.8000000000000000e+06,"OB",2.1600000000000000e+07,1.2000000000000000e+01,1.8000000000000000e+06,2.1600000000000000e+07,0.0000000000000000e+00
"2","2019","12.2009.","12.2009.01.01.02.","5.1.2.01.","01","01","Sekretaris Desa (1 Org)","ADD",1.2000000000000000e+01,1.9000000000000000e+06,"OB",2.2800000000000000e+07,1.2000000000000000e+01,1.9000000000000000e+06,2.2800000000000000e+07,0.0000000000000000e+00
"2","2019","12.2009.","12.2009.01.01.02.","5.1.2.01.","01","02","Kepala Seksi (3 Org)","ADD",3.6000000000000000e+01,1.5000000000000000e+06,"OB",5.4000000000000000e+07,3.6000000000000000e+01,1.5000000000000000e+06,5.4000000000000000e+07,0.0000000000000000e+00
"2","2019","12.2009.","12.2009.01.01.02.","5.1.2.01.","01","03","Kepala Urusan (3 Org)","ADD",3.6000000000000000e+01,1.4000000000000000e+06,"OB",5.0400000000000000e+07,3.6000000000000000e+01,1.4000000000000000e+06,5.0400000000000000e+07,0.0000000000000000e+00
"2","2019","12.2009.","12.2009.01.01.02.","5.1.2.01.","01","04","Kepala Dusun (3 Org)","ADD",3.6000000000000000e+01,1.3500000000000000e+06,"OB",4.8600000000000000e+07,3.6000000000000000e+01,1.3500000000000000e+06,4.8600000000000000e+07,0.0000000000000000e+00
"2","2019","12.2009.","12.2009.01.01.05.","5.1.4.01.","01","01","Ketua (1 Org)","ADD",1.2000000000000000e+01,1.2000000000000000e+06,"OB",1.4400000000000000e+07,1.2000000000000000e+01,1.2000000000000000e+06,1.4400000000000000e+07,0.0000000000000000e+00
"2","2019","12.2009.","12.2009.01.01.05.","5.1.4.01.","01","02","Wakil Ketua (1 Org)","ADD",1.2000000000000000e+01,9.0000000000000000e+05,"OB",1.0800000000000000e+07,1.2000000000000000e+01,9.0000000000000000e+05,1.0800000000000000e+07,0.0000000000000000e+00
"2","2019","12.2009.","12.2009.01.01.05.","5.1.4.01.","01","03","Sekretaris (1 Org)","ADD",1.2000000000000000e+01,7.0000000000000000e+05,"OB",8.4000000000000000e+06,1.2000000000000000e+01,7.0000000000000000e+05,8.4000000000000000e+06,0.0000000000000000e+00
"2","2019","12.2009.","12.2009.01.01.05.","5.1.4.01.","01","04","Anggota (4 Org)","ADD",4.8000000000000000e+01,5.5000000000000000e+05,"OB",2.6400000000000000e+07,4.8000000000000000e+01,5.5000000000000000e+05,2.6400000000000000e+07,0.0000000000000000e+00
"2","2019","12.2009.","12.2009.01.01.07.","5.2.2.90.","01","01","Ketua Rukun Warga (RW) 7 Org","ADD",8.4000000000000000e+01,7.0000000000000000e+05,"OB",5.8800000000000000e+07,8.4000000000000000e+01,7.0000000000000000e+05,5.8800000000000000e+07,0.0000000000000000e+00
"2","2019","12.2009.","12.2009.01.01.07.","5.2.2.90.","01","02","Ketua Rukun Tetangga (RT) 30 Org","ADD",3.6000000000000000e+02,6.5000000000000000e+05,"OB",2.3400000000000000e+08,3.6000000000000000e+02,6.5000000000000000e+05,2.3400000000000000e+08,0.0000000000000000e+00
"2","2019","12.2009.","12.2009.00.00.00.","4.1.1.01.","01","01","Bagi Hasil BUMDes","PAD",1.0000000000000000e+00,1.0000000000000000e+06,"Tahun",1.0000000000000000e+06,1.0000000000000000e+00,1.0000000000000000e+06,1.0000000000000000e+06,0.0000000000000000e+00
"2","2019","12.2009.","12.2009.00.00.00.","4.1.2.01.","01","01","Hasil Pengelolaan Tanah Kas Desa","PAD",1.0000000000000000e+00,8.0000000000000000e+06,"Tahun",8.0000000000000000e+06,1.0000000000000000e+00,8.0000000000000000e+06,8.0000000000000000e+06,0.0000000000000000e+00
"2","2019","12.2009.","12.2009.00.00.00.","4.1.3.01.","01","01","Swadaya, Partisipasi dan Gotong Royong","PAD",1.0000000000000000e+00,2.0000000000000000e+06,"Tahun",2.0000000000000000e+06,1.0000000000000000e+00,2.0000000000000000e+06,2.0000000000000000e+06,0.0000000000000000e+00
"2","2019","12.2009.","12.2009.03.04.02.","5.2.2.99.","01","01","Honorarium LPM","ADD",1.0000000000000000e+00,2.0000000000000000e+06,"Paket",2.0000000000000000e+06,1.0000000000000000e+00,2.0000000000000000e+06,2.0000000000000000e+06,0.0000000000000000e+00
"2","2019","12.2009.","12.2009.01.01.90","5.2.2.05.","01","01","Honorarium Petugas Ketertiban Masyarakat","ADD",2.4000000000000000e+01,5.0000000000000000e+05,"OB",1.2000000000000000e+07,2.4000000000000000e+01,5.0000000000000000e+05,1.2000000000000000e+07,0.0000000000000000e+00
"2","2019","12.2009.","12.2009.03.04.90","5.2.2.99.","01","01","Honorarium Majlis Ulama Indonesia Desa","ADD",1.0000000000000000e+00,2.5000000000000000e+06,"Paket",2.5000000000000000e+06,1.0000000000000000e+00,2.5000000000000000e+06,2.5000000000000000e+06,0.0000000000000000e+00
"2","2019","12.2009.","12.2009.01.01.91","5.2.2.99.","01","01","Honorarium Anggota Perlindungan Masyarakat (15Org)","ADD",1.8000000000000000e+02,4.0000000000000000e+05,"OB",7.2000000000000000e+07,1.8000000000000000e+02,4.0000000000000000e+05,7.2000000000000000e+07,0.0000000000000000e+00
"2","2019","12.2009.","12.2009.03.02.03.","5.2.1.07.","01","01","Dongdang","PBH",1.0000000000000000e+00,1.5000000000000000e+06,"Paket",1.5000000000000000e+06,1.0000000000000000e+00,1.5000000000000000e+06,1.5000000000000000e+06,0.0000000000000000e+00
"2","2019","12.2009.","12.2009.03.02.03.","5.2.1.08.","01","01","Spanduk","PBH",1.0000000000000000e+00,2.5000000000000000e+05,"Buah",2.5000000000000000e+05,1.0000000000000000e+00,2.5000000000000000e+05,2.5000000000000000e+05,0.0000000000000000e+00
"2","2019","12.2009.","12.2009.03.02.03.","5.2.1.08.","01","02","Umbul-umbul","PBH",5.0000000000000000e+00,1.5000000000000000e+05,"Buah",7.5000000000000000e+05,5.0000000000000000e+00,1.5000000000000000e+05,7.5000000000000000e+05,0.0000000000000000e+00
"2","2019","12.2009.","12.2009.05.03.01.","5.4.1.01.","01","01","Bantuan Transportasi Orang Sakit","PAD",1.0000000000000000e+00,1.0000000000000000e+06,"Tahun",1.0000000000000000e+06,1.0000000000000000e+00,1.0000000000000000e+06,1.0000000000000000e+06,0.0000000000000000e+00
"2","2019","12.2009.","12.2009.00.00.00.","4.2.4.01.","01","01","Tunjangan Penghasilan Aparatur Pemerintah Desa","PBP",1.0000000000000000e+00,1.5000000000000000e+07,"Tahun",1.5000000000000000e+07,1.0000000000000000e+00,1.5000000000000000e+07,1.5000000000000000e+07,0.0000000000000000e+00
"2","2019","12.2009.","12.2009.00.00.00.","4.2.4.01.","01","02","Pengadaan Smartphone","PBP",8.0000000000000000e+00,1.3000000000000000e+06,"Unit",1.0400000000000000e+07,8.0000000000000000e+00,1.3000000000000000e+06,1.0400000000000000e+07,0.0000000000000000e+00
"2","2019","12.2009.","12.2009.00.00.00.","4.2.4.01.","01","03","Batuan Pulsa 8 Smartphone","PBP",4.8000000000000000e+01,5.0000000000000000e+04,"Unit/Bulan",2.4000000000000000e+06,4.8000000000000000e+01,5.0000000000000000e+04,2.4000000000000000e+06,0.0000000000000000e+00
"2","2019","12.2009.","12.2009.00.00.00.","4.2.4.01.","01","04","Infrastruktur Desa","PBP",1.0000000000000000e+00,9.9488000000000000e+07,"Ls",9.9488000000000000e+07,1.0000000000000000e+00,9.9488000000000000e+07,9.9488000000000000e+07,0.0000000000000000e+00
"2","2019","12.2009.","12.2009.01.01.01.","5.1.1.02.","01","02","Tunjangan Penghasilan Kepala Desa (1 Org)","PBP",1.0000000000000000e+00,3.0000000000000000e+06,"OB",3.0000000000000000e+06,1.0000000000000000e+00,3.0000000000000000e+06,3.0000000000000000e+06,0.0000000000000000e+00
"2","2019","12.2009.","12.2009.01.01.02.","5.1.2.02.","01","01","Sekretaris Desa (1 Org)","PBP",1.0000000000000000e+00,1.6500000000000000e+06,"OB",1.6500000000000000e+06,1.0000000000000000e+00,1.6500000000000000e+06,1.6500000000000000e+06,0.0000000000000000e+00
"2","2019","12.2009.","12.2009.01.01.02.","5.1.2.02.","01","02","Kepala Seksi (3 Org)","PBP",3.0000000000000000e+00,1.3000000000000000e+06,"OB",3.9000000000000000e+06,3.0000000000000000e+00,1.3000000000000000e+06,3.9000000000000000e+06,0.0000000000000000e+00
"2","2019","12.2009.","12.2009.01.01.02.","5.1.2.02.","01","03","Kepala Urusan (3 Org)","PBP",3.0000000000000000e+00,1.2500000000000000e+06,"OB",3.7500000000000000e+06,3.0000000000000000e+00,1.2500000000000000e+06,3.7500000000000000e+06,0.0000000000000000e+00
"2","2019","12.2009.","12.2009.01.01.02.","5.1.2.02.","01","04","Kepala Dusun (3 Org)","PBP",3.0000000000000000e+00,9.0000000000000000e+05,"OB",2.7000000000000000e+06,3.0000000000000000e+00,9.0000000000000000e+05,2.7000000000000000e+06,0.0000000000000000e+00
"2","2019","12.2009.","12.2009.00.00.00.","4.2.1.01.","01","01","Dana Desa","DDS",1.0000000000000000e+00,8.3955340000000000e+08,"Tahun",8.3955340000000000e+08,1.0000000000000000e+00,8.3955340000000000e+08,8.3955340000000000e+08,0.0000000000000000e+00
"2","2019","12.2009.","12.2009.00.00.00.","6.2.2.01.","01","01","Tambah Modal BUMDes","DDS",1.0000000000000000e+00,4.0000000000000000e+07,"Ls",4.0000000000000000e+07,1.0000000000000000e+00,4.0000000000000000e+07,4.0000000000000000e+07,0.0000000000000000e+00
"2","2019","12.2009.","12.2009.01.01.07.","5.3.2.02.","01","01","Smartphone","PBP",8.0000000000000000e+00,1.3000000000000000e+06,"Unit",1.0400000000000000e+07,8.0000000000000000e+00,1.3000000000000000e+06,1.0400000000000000e+07,0.0000000000000000e+00
"2","2019","12.2009.","12.2009.02.06.03.","5.2.5.05.","01","01","Pulsa 8 Smartphone","PBP",4.8000000000000000e+01,5.0000000000000000e+04,"OB",2.4000000000000000e+06,4.8000000000000000e+01,5.0000000000000000e+04,2.4000000000000000e+06,0.0000000000000000e+00
"2","2019","12.2009.","12.2009.02.03.11.","5.3.5.04.","01","01","Sewa Mesin Molen","DDS",6.3000000000000000e+01,4.0000000000000000e+05,"huk",2.5200000000000000e+07,6.3000000000000000e+01,4.0000000000000000e+05,2.5200000000000000e+07,0.0000000000000000e+00
"2","2019","12.2009.","12.2009.02.03.11.","5.3.5.04.","01","02","Jasa Angkut Material","DDS",7.6000000000000000e+01,1.0000000000000000e+05,"huk",7.6000000000000000e+06,7.6000000000000000e+01,1.0000000000000000e+05,7.6000000000000000e+06,0.0000000000000000e+00
"2","2019","12.2009.","12.2009.02.03.14.","5.3.5.01.","01","08","Kertas HVS","DDS",1.0000000000000000e+00,6.0000000000000000e+04,"rim",6.0000000000000000e+04,1.0000000000000000e+00,6.0000000000000000e+04,6.0000000000000000e+04,0.0000000000000000e+00
"2","2019","12.2009.","12.2009.02.03.14.","5.3.5.01.","01","09","Tinta Printer","DDS",1.0000000000000000e+00,1.2000000000000000e+05,"botol",1.2000000000000000e+05,1.0000000000000000e+00,1.2000000000000000e+05,1.2000000000000000e+05,0.0000000000000000e+00
"2","2019","12.2009.","12.2009.02.03.14.","5.3.5.01.","01","10","Map","DDS",1.2000000000000000e+01,2.5000000000000000e+03,"buah",3.0000000000000000e+04,1.2000000000000000e+01,2.5000000000000000e+03,3.0000000000000000e+04,0.0000000000000000e+00
"2","2019","12.2009.","12.2009.02.03.14.","5.3.5.01.","01","11","Ballpoint","DDS",1.0000000000000000e+00,3.0500000000000000e+04,"pak",3.0500000000000000e+04,1.0000000000000000e+00,3.0500000000000000e+04,3.0500000000000000e+04,0.0000000000000000e+00
"2","2019","12.2009.","12.2009.02.03.14.","5.3.5.01.","01","12","Materai 6.000","DDS",6.0000000000000000e+00,7.0000000000000000e+03,"buah",4.2000000000000000e+04,6.0000000000000000e+00,7.0000000000000000e+03,4.2000000000000000e+04,0.0000000000000000e+00
"2","2019","12.2009.","12.2009.02.03.99.","5.3.4.02.","01","01","Pekerja (3 org X 20 hari)","PBP",6.0000000000000000e+01,5.0000000000000000e+04,"hok",3.0000000000000000e+06,6.0000000000000000e+01,5.0000000000000000e+04,3.0000000000000000e+06,0.0000000000000000e+00
"2","2019","12.2009.","12.2009.02.03.99.","5.3.4.02.","01","02","Tukang (2 Org X 20 hari)","PBP",4.0000000000000000e+01,1.0000000000000000e+05,"hok",4.0000000000000000e+06,4.0000000000000000e+01,1.0000000000000000e+05,4.0000000000000000e+06,0.0000000000000000e+00
"2","2019","12.2009.","12.2009.02.03.11.","5.3.5.02.","01","01","Tukang","DDS",3.2200000000000000e+02,1.2500000000000000e+05,"hok",4.0250000000000000e+07,3.2200000000000000e+02,1.2500000000000000e+05,4.0250000000000000e+07,0.0000000000000000e+00
"2","2019","12.2009.","12.2009.02.03.11.","5.3.5.02.","01","02","Pekerja","DDS",1.1600000000000000e+03,1.0500000000000000e+05,"hok",1.2180000000000000e+08,1.1600000000000000e+03,1.0500000000000000e+05,1.2180000000000000e+08,0.0000000000000000e+00
"2","2019","12.2009.","12.2009.02.03.11.","5.3.5.01.","01","01","Ketua TPK (1 org X 3 bulan)","DDS",3.0000000000000000e+00,3.0000000000000000e+05,"ob",9.0000000000000000e+05,3.0000000000000000e+00,3.0000000000000000e+05,9.0000000000000000e+05,0.0000000000000000e+00
"2","2019","12.2009.","12.2009.02.03.11.","5.3.5.01.","01","02","Sekretaris TPK (1 org X 3 bulan)","DDS",3.0000000000000000e+00,2.5000000000000000e+05,"ob",7.5000000000000000e+05,3.0000000000000000e+00,2.5000000000000000e+05,7.5000000000000000e+05,0.0000000000000000e+00
"2","2019","12.2009.","12.2009.02.03.11.","5.3.5.01.","01","03","Anggota TPK (1 org X 3 bulan)","DDS",3.0000000000000000e+00,2.5000000000000000e+05,"ob",7.5000000000000000e+05,3.0000000000000000e+00,2.5000000000000000e+05,7.5000000000000000e+05,0.0000000000000000e+00
"2","2019","12.2009.","12.2009.02.03.11.","5.3.5.01.","01","04","Ketua Pengawas (1 org X 3 bulan)","DDS",3.0000000000000000e+00,3.0000000000000000e+05,"ob",9.0000000000000000e+05,3.0000000000000000e+00,3.0000000000000000e+05,9.0000000000000000e+05,0.0000000000000000e+00
"2","2019","12.2009.","12.2009.02.03.11.","5.3.5.01.","01","05","Sekretaris Pengawas (1 org X 3 bulan)","DDS",3.0000000000000000e+00,2.5000000000000000e+05,"ob",7.5000000000000000e+05,3.0000000000000000e+00,2.5000000000000000e+05,7.5000000000000000e+05,0.0000000000000000e+00
"2","2019","12.2009.","12.2009.02.03.11.","5.3.5.01.","01","06","Anggota Pengawas (1 org X 3 bulan)","DDS",3.0000000000000000e+00,2.5000000000000000e+05,"ob",7.5000000000000000e+05,3.0000000000000000e+00,2.5000000000000000e+05,7.5000000000000000e+05,0.0000000000000000e+00
"2","2019","12.2009.","12.2009.02.03.11.","5.3.5.01.","01","07","Tim Verifikasi","DDS",1.0000000000000000e+00,3.0000000000000000e+05,"Paket",3.0000000000000000e+05,1.0000000000000000e+00,3.0000000000000000e+05,3.0000000000000000e+05,0.0000000000000000e+00
"2","2019","12.2009.","12.2009.02.03.14.","5.3.5.03.","01","01","Ember","DDS",1.0000000000000000e+01,1.5000000000000000e+04,"buah",1.5000000000000000e+05,1.0000000000000000e+01,1.5000000000000000e+04,1.5000000000000000e+05,0.0000000000000000e+00
"2","2019","12.2009.","12.2009.02.03.14.","5.3.5.03.","01","02","Pengki","DDS",5.0000000000000000e+00,1.3000000000000000e+04,"buah",6.5000000000000000e+04,5.0000000000000000e+00,1.3000000000000000e+04,6.5000000000000000e+04,0.0000000000000000e+00
"2","2019","12.2009.","12.2009.02.03.14.","5.3.5.01.","01","13","Photocopy","DDS",1.5000000000000000e+02,2.5000000000000000e+02,"lembar",3.7500000000000000e+04,1.5000000000000000e+02,2.5000000000000000e+02,3.7500000000000000e+04,0.0000000000000000e+00
"2","2019","12.2009.","12.2009.02.03.14.","5.3.5.01.","01","14","Papan Nama Kegiatan","DDS",1.0000000000000000e+00,2.5000000000000000e+05,"Paket",2.5000000000000000e+05,1.0000000000000000e+00,2.5000000000000000e+05,2.5000000000000000e+05,0.0000000000000000e+00
"2","2019","12.2009.","12.2009.02.03.14.","5.3.5.01.","01","15","Dokumentasi Kegiatan","DDS",1.0000000000000000e+00,1.5000000000000000e+05,"paket",1.5000000000000000e+05,1.0000000000000000e+00,1.5000000000000000e+05,1.5000000000000000e+05,0.0000000000000000e+00
"2","2019","12.2009.","12.2009.02.03.11.","5.3.5.04.","01","03","Stamper","DDS",1.3000000000000000e+01,4.0000000000000000e+05,"hari",5.2000000000000000e+06,1.3000000000000000e+01,4.0000000000000000e+05,5.2000000000000000e+06,0.0000000000000000e+00
"2","2019","12.2009.","12.2009.02.03.11.","5.3.5.01.","01","08","Kertas HVS","DDS",2.0000000000000000e+00,6.0000000000000000e+04,"rim",1.2000000000000000e+05,2.0000000000000000e+00,6.0000000000000000e+04,1.2000000000000000e+05,0.0000000000000000e+00
"2","2019","12.2009.","12.2009.02.03.11.","5.3.5.01.","01","09","Tinta Printer","DDS",4.0000000000000000e+00,1.2000000000000000e+05,"botol",4.8000000000000000e+05,4.0000000000000000e+00,1.2000000000000000e+05,4.8000000000000000e+05,0.0000000000000000e+00
"2","2019","12.2009.","12.2009.02.03.11.","5.3.5.01.","01","10","Map","DDS",1.8000000000000000e+01,2.5000000000000000e+03,"buah",4.5000000000000000e+04,1.8000000000000000e+01,2.5000000000000000e+03,4.5000000000000000e+04,0.0000000000000000e+00
"2","2019","12.2009.","12.2009.02.03.11.","5.3.5.01.","01","11","Ballpoint","DDS",3.0000000000000000e+00,3.0500000000000000e+04,"pak",9.1500000000000000e+04,3.0000000000000000e+00,3.0500000000000000e+04,9.1500000000000000e+04,0.0000000000000000e+00
"2","2019","12.2009.","12.2009.02.03.11.","5.3.5.01.","01","12","Flashdisk","DDS",1.0000000000000000e+00,1.3500000000000000e+05,"unit",1.3500000000000000e+05,1.0000000000000000e+00,1.3500000000000000e+05,1.3500000000000000e+05,0.0000000000000000e+00
"2","2019","12.2009.","12.2009.02.03.11.","5.3.5.01.","01","13","Materai 6.000","DDS",4.5000000000000000e+01,7.0000000000000000e+03,"buah",3.1500000000000000e+05,4.5000000000000000e+01,7.0000000000000000e+03,3.1500000000000000e+05,0.0000000000000000e+00
"2","2019","12.2009.","12.2009.02.03.11.","5.3.5.01.","01","14","Materai 3.000","DDS",3.0000000000000000e+01,3.5000000000000000e+03,"buah",1.0500000000000000e+05,3.0000000000000000e+01,3.5000000000000000e+03,1.0500000000000000e+05,0.0000000000000000e+00
"2","2019","12.2009.","12.2009.02.03.11.","5.3.5.01.","01","15","Photocopy","DDS",9.0000000000000000e+02,2.5000000000000000e+02,"lembar",2.2500000000000000e+05,9.0000000000000000e+02,2.5000000000000000e+02,2.2500000000000000e+05,0.0000000000000000e+00
"2","2019","12.2009.","12.2009.00.00.00.","4.2.2.01.","01","01","Bagi Hasil Pajak dan Restribusi Daerah","PBH",1.0000000000000000e+00,4.7334710000000000e+08,"Tahun",4.7334710000000000e+08,1.0000000000000000e+00,4.7334710000000000e+08,4.7334710000000000e+08,0.0000000000000000e+00
"2","2019","12.2009.","12.2009.02.02.04.","5.3.3.02.","01","01","Kendaraan Roda Empat (Ambulance Desa)","PBH",1.0000000000000000e+00,1.9988377000000000e+08,"Unit",1.9988377000000000e+08,1.0000000000000000e+00,1.9988377000000000e+08,1.9988377000000000e+08,0.0000000000000000e+00
"2","2019","12.2009.","12.2009.02.02.04.","5.3.3.01.","01","01","Honorarium Ketua Tim Pengadaan (1 Org)","PBH",1.0000000000000000e+00,5.0000000000000000e+05,"OB",5.0000000000000000e+05,1.0000000000000000e+00,5.0000000000000000e+05,5.0000000000000000e+05,0.0000000000000000e+00
"2","2019","12.2009.","12.2009.02.02.04.","5.3.3.01.","01","02","Honorarium Sekretaris Tim Pengadaan (1 Org)","PBH",1.0000000000000000e+00,4.0000000000000000e+05,"Ob",4.0000000000000000e+05,1.0000000000000000e+00,4.0000000000000000e+05,4.0000000000000000e+05,0.0000000000000000e+00
"2","2019","12.2009.","12.2009.02.02.04.","5.3.3.01.","01","03","Honorarium Anggota Tim Panitia (1 Org)","PBH",1.0000000000000000e+00,3.0000000000000000e+05,"Ob",3.0000000000000000e+05,1.0000000000000000e+00,3.0000000000000000e+05,3.0000000000000000e+05,0.0000000000000000e+00
"2","2019","12.2009.","12.2009.01.01.04.","5.2.1.01.","01","01","Kertas HVS","PBH",2.4000000000000000e+01,6.0000000000000000e+04,"Rim",1.4400000000000000e+06,2.4000000000000000e+01,6.0000000000000000e+04,1.4400000000000000e+06,0.0000000000000000e+00
"2","2019","12.2009.","12.2009.01.01.04.","5.2.1.01.","01","02","Tinta Printer Originil","PBH",1.2000000000000000e+01,1.0000000000000000e+05,"Botol",1.2000000000000000e+06,1.2000000000000000e+01,1.0000000000000000e+05,1.2000000000000000e+06,0.0000000000000000e+00
"2","2019","12.2009.","12.2009.01.01.04.","5.2.1.01.","01","03","Map","PBH",2.0000000000000000e+02,2.5000000000000000e+03,"Buah",5.0000000000000000e+05,2.0000000000000000e+02,2.5000000000000000e+03,5.0000000000000000e+05,0.0000000000000000e+00
"2","2019","12.2009.","12.2009.01.01.04.","5.2.1.01.","01","04","Flashdisk","PBH",7.0000000000000000e+00,2.0000000000000000e+05,"Buah",1.4000000000000000e+06,7.0000000000000000e+00,2.0000000000000000e+05,1.4000000000000000e+06,0.0000000000000000e+00
"2","2019","12.2009.","12.2009.01.01.04.","5.2.2.01.","01","01","Operasional PPKD (Sekretaris Desa)","PBH",1.2000000000000000e+01,5.0000000000000000e+05,"Ob",6.0000000000000000e+06,1.2000000000000000e+01,5.0000000000000000e+05,6.0000000000000000e+06,0.0000000000000000e+00
"2","2019","12.2009.","12.2009.01.01.04.","5.2.2.01.","01","02","Operasional PPKD (Bendahara Desa)","PBH",1.2000000000000000e+01,4.0000000000000000e+05,"Ob",4.8000000000000000e+06,1.2000000000000000e+01,4.0000000000000000e+05,4.8000000000000000e+06,0.0000000000000000e+00
"2","2019","12.2009.","12.2009.01.01.04.","5.2.1.01.","01","05","Materai Rp. 6.000,-","PBH",5.0000000000000000e+01,7.0000000000000000e+03,"Bah",3.5000000000000000e+05,5.0000000000000000e+01,7.0000000000000000e+03,3.5000000000000000e+05,0.0000000000000000e+00
"2","2019","12.2009.","12.2009.01.01.04.","5.2.1.01.","01","06","Materai Rp. 3.000,-","PBH",5.0000000000000000e+01,3.5000000000000000e+03,"Buah",1.7500000000000000e+05,5.0000000000000000e+01,3.5000000000000000e+03,1.7500000000000000e+05,0.0000000000000000e+00
"2","2019","12.2009.","12.2009.01.01.04.","5.2.1.01.","01","07","Balpoint","PBH",1.2000000000000000e+01,2.8500000000000000e+04,"Pak",3.4200000000000000e+05,1.2000000000000000e+01,2.8500000000000000e+04,3.4200000000000000e+05,0.0000000000000000e+00
"2","2019","12.2009.","12.2009.03.04.03.","5.2.1.01.","01","01","Buku Folio","PBH",2.0000000000000000e+01,3.0000000000000000e+04,"Buah",6.0000000000000000e+05,2.0000000000000000e+01,3.0000000000000000e+04,6.0000000000000000e+05,0.0000000000000000e+00
"2","2019","12.2009.","12.2009.02.03.14.","5.3.5.03.","01","03","Cangkul","DDS",2.0000000000000000e+00,8.0000000000000000e+04,"unit",1.6000000000000000e+05,2.0000000000000000e+00,8.0000000000000000e+04,1.6000000000000000e+05,0.0000000000000000e+00
"2","2019","12.2009.","12.2009.02.03.14.","5.3.5.03.","01","04","Garpu","DDS",1.0000000000000000e+00,2.0000000000000000e+05,"unit",2.0000000000000000e+05,1.0000000000000000e+00,2.0000000000000000e+05,2.0000000000000000e+05,0.0000000000000000e+00
"2","2019","12.2009.","12.2009.02.03.14.","5.3.5.03.","01","05","Benang","DDS",5.0000000000000000e+00,5.0000000000000000e+03,"rol",2.5000000000000000e+04,5.0000000000000000e+00,5.0000000000000000e+03,2.5000000000000000e+04,0.0000000000000000e+00
"2","2019","12.2009.","12.2009.02.03.14.","5.3.5.03.","01","06","Bambu","DDS",1.0000000000000000e+01,2.0000000000000000e+04,"batang",2.0000000000000000e+05,1.0000000000000000e+01,2.0000000000000000e+04,2.0000000000000000e+05,0.0000000000000000e+00
"2","2019","12.2009.","12.2009.02.03.14.","5.3.5.03.","01","07","Semen","DDS",2.1000000000000000e+02,5.0000000000000000e+04,"zak",1.0500000000000000e+07,2.1000000000000000e+02,5.0000000000000000e+04,1.0500000000000000e+07,0.0000000000000000e+00
"2","2019","12.2009.","12.2009.02.03.14.","5.3.5.03.","01","08","Pasir Pasang","DDS",2.9000000000000000e+01,2.0000000000000000e+05,"m3",5.8000000000000000e+06,2.9000000000000000e+01,2.0000000000000000e+05,5.8000000000000000e+06,0.0000000000000000e+00
"2","2019","12.2009.","12.2009.02.03.14.","5.3.5.03.","01","09","Batu Belah","DDS",5.8000000000000000e+01,2.5560000000000000e+05,"m3",1.4824800000000000e+07,5.8000000000000000e+01,2.5560000000000000e+05,1.4824800000000000e+07,0.0000000000000000e+00
"2","2019","12.2009.","12.2009.03.02.03.","5.2.1.09.","01","01","Kaos Peserta","PBH",5.0000000000000000e+01,8.5000000000000000e+04,"pcs",4.2500000000000000e+06,5.0000000000000000e+01,8.5000000000000000e+04,4.2500000000000000e+06,0.0000000000000000e+00
"2","2019","12.2009.","12.2009.01.01.06.","5.2.1.01.","01","03","Map","PBH",2.0000000000000000e+01,2.5000000000000000e+03,"Buah",5.0000000000000000e+04,2.0000000000000000e+01,2.5000000000000000e+03,5.0000000000000000e+04,0.0000000000000000e+00
"2","2019","12.2009.","12.2009.01.01.06.","5.2.1.01.","01","04","Flashdisk","PBH",1.0000000000000000e+00,1.3400000000000000e+05,"Buah",1.3400000000000000e+05,1.0000000000000000e+00,1.3400000000000000e+05,1.3400000000000000e+05,0.0000000000000000e+00
"2","2019","12.2009.","12.2009.01.01.06.","5.2.1.09.","01","01","Pakaian Seragam BPD","PBH",7.0000000000000000e+00,2.3500000000000000e+05,"Stel",1.6450000000000000e+06,7.0000000000000000e+00,2.3500000000000000e+05,1.6450000000000000e+06,0.0000000000000000e+00
"2","2019","12.2009.","12.2009.01.01.06.","5.2.1.01.","01","05","Ballpoint","PBH",6.0000000000000000e+00,2.8500000000000000e+04,"Pak",1.7100000000000000e+05,6.0000000000000000e+00,2.8500000000000000e+04,1.7100000000000000e+05,0.0000000000000000e+00
"2","2019","12.2009.","12.2009.03.04.03.","5.2.1.01.","01","02","Spidol","PBH",1.0000000000000000e+00,7.6000000000000000e+04,"Pack",7.6000000000000000e+04,1.0000000000000000e+00,7.6000000000000000e+04,7.6000000000000000e+04,0.0000000000000000e+00
"2","2019","12.2009.","12.2009.03.04.03.","5.2.1.01.","01","03","Ballpoint","PBH",4.0000000000000000e+00,4.0000000000000000e+04,"Pack",1.6000000000000000e+05,4.0000000000000000e+00,4.0000000000000000e+04,1.6000000000000000e+05,0.0000000000000000e+00
"2","2019","12.2009.","12.2009.03.04.03.","5.2.1.01.","01","04","Pensil","PBH",3.0000000000000000e+00,4.0000000000000000e+04,"Pack",1.2000000000000000e+05,3.0000000000000000e+00,4.0000000000000000e+04,1.2000000000000000e+05,0.0000000000000000e+00
"2","2019","12.2009.","12.2009.03.04.03.","5.2.1.01.","01","05","Penghapus","PBH",2.0000000000000000e+00,2.2000000000000000e+04,"Pack",4.4000000000000000e+04,2.0000000000000000e+00,2.2000000000000000e+04,4.4000000000000000e+04,0.0000000000000000e+00
"2","2019","12.2009.","12.2009.03.04.03.","5.2.1.09.","01","01","Seragam TP PKK Desa","PBH",2.0000000000000000e+01,3.0000000000000000e+05,"Stel",6.0000000000000000e+06,2.0000000000000000e+01,3.0000000000000000e+05,6.0000000000000000e+06,0.0000000000000000e+00
"2","2019","12.2009.","12.2009.02.02.09.","5.2.1.09.","01","01","Seragam Petugas Posyandu","PBH",4.0000000000000000e+01,3.0000000000000000e+05,"Stel",1.2000000000000000e+07,4.0000000000000000e+01,3.0000000000000000e+05,1.2000000000000000e+07,0.0000000000000000e+00
"2","2019","12.2009.","12.2009.03.02.99.","5.2.4.02.","01","01","Tenda dan Soundsystem","PAD",4.0000000000000000e+00,1.5000000000000000e+06,"Paket",6.0000000000000000e+06,4.0000000000000000e+00,1.5000000000000000e+06,6.0000000000000000e+06,0.0000000000000000e+00
"2","2019","12.2009.","12.2009.03.02.99.","5.2.7.04.","01","01","Santunan Anak Yatim","PAD",5.0000000000000000e+01,8.0000000000000000e+04,"Ob",4.0000000000000000e+06,5.0000000000000000e+01,8.0000000000000000e+04,4.0000000000000000e+06,0.0000000000000000e+00
"2","2019","12.2009.","12.2009.03.03.06.","5.2.2.99.","01","01","Honorarium Ketua (1 Org)","PBH",1.0000000000000000e+00,5.5000000000000000e+05,"Ob",5.5000000000000000e+05,1.0000000000000000e+00,5.5000000000000000e+05,5.5000000000000000e+05,0.0000000000000000e+00
"2","2019","12.2009.","12.2009.03.03.06.","5.2.2.99.","01","02","Honorarium Wakil Ketua (1 Org)","PBH",1.0000000000000000e+00,4.5000000000000000e+05,"Ob",4.5000000000000000e+05,1.0000000000000000e+00,4.5000000000000000e+05,4.5000000000000000e+05,0.0000000000000000e+00
"2","2019","12.2009.","12.2009.03.03.06.","5.2.2.99.","01","03","Honorarium Sekretaris (1 Org)","PBH",1.0000000000000000e+00,4.0000000000000000e+05,"Ob",4.0000000000000000e+05,1.0000000000000000e+00,4.0000000000000000e+05,4.0000000000000000e+05,0.0000000000000000e+00
"2","2019","12.2009.","12.2009.03.03.06.","5.2.2.99.","01","04","Honorarium Anggota (7 Org)","PBH",7.0000000000000000e+00,3.0000000000000000e+05,"Ob",2.1000000000000000e+06,7.0000000000000000e+00,3.0000000000000000e+05,2.1000000000000000e+06,0.0000000000000000e+00
"2","2019","12.2009.","12.2009.01.02.01.","5.3.2.02.","01","01","Air Conditioner","PBH",1.0000000000000000e+00,3.0000000000000000e+06,"Unit",3.0000000000000000e+06,1.0000000000000000e+00,3.0000000000000000e+06,3.0000000000000000e+06,0.0000000000000000e+00
"2","2019","12.2009.","12.2009.01.01.04.","5.2.1.01.","01","08","Tip-Ex","PBH",1.2000000000000000e+01,7.5000000000000000e+03,"Buah",9.0000000000000000e+04,1.2000000000000000e+01,7.5000000000000000e+03,9.0000000000000000e+04,0.0000000000000000e+00
"2","2019","12.2009.","12.2009.01.01.04.","5.2.1.01.","01","09","Hecter","PBH",1.0000000000000000e+01,1.5000000000000000e+04,"Buah",1.5000000000000000e+05,1.0000000000000000e+01,1.5000000000000000e+04,1.5000000000000000e+05,0.0000000000000000e+00
"2","2019","12.2009.","12.2009.01.01.04.","5.2.1.01.","01","10","Isi Hecter","PBH",1.0000000000000000e+00,3.8332000000000000e+04,"pak",3.8332000000000000e+04,1.0000000000000000e+00,3.8332000000000000e+04,3.8332000000000000e+04,0.0000000000000000e+00
"2","2019","12.2009.","12.2009.01.01.04.","5.2.1.09.","01","01","Seragam CV","PBH",1.1000000000000000e+01,4.5000000000000000e+05,"Stel",4.9500000000000000e+06,1.1000000000000000e+01,4.5000000000000000e+05,4.9500000000000000e+06,0.0000000000000000e+00
"2","2019","12.2009.","12.2009.03.02.03.","5.2.1.91.","01","01","Transport Peserta","PBH",5.0000000000000000e+01,7.0000000000000000e+04,"Orang",3.5000000000000000e+06,5.0000000000000000e+01,7.0000000000000000e+04,3.5000000000000000e+06,0.0000000000000000e+00
"2","2019","12.2009.","12.2009.03.02.03.","5.2.4.03.","01","01","Kendaraan Roda Empat","PBH",4.0000000000000000e+00,2.5000000000000000e+05,"Unit",1.0000000000000000e+06,4.0000000000000000e+00,2.5000000000000000e+05,1.0000000000000000e+06,0.0000000000000000e+00
"2","2019","12.2009.","12.2009.03.02.03.","5.2.7.01.","01","01","Awug untuk peserta","PBH",5.0000000000000000e+01,7.5000000000000000e+04,"buah",3.7500000000000000e+06,5.0000000000000000e+01,7.5000000000000000e+04,3.7500000000000000e+06,0.0000000000000000e+00
"2","2019","12.2009.","12.2009.01.02.01.","5.3.2.02.","01","03","Televisi LED 45 Inc","PBH",1.0000000000000000e+00,5.0000000000000000e+06,"Unit",5.0000000000000000e+06,1.0000000000000000e+00,5.0000000000000000e+06,5.0000000000000000e+06,0.0000000000000000e+00
"2","2019","12.2009.","12.2009.01.02.01.","5.3.2.03.","01","01","Projector","PBH",1.0000000000000000e+00,7.0000000000000000e+06,"Unit",7.0000000000000000e+06,1.0000000000000000e+00,7.0000000000000000e+06,7.0000000000000000e+06,0.0000000000000000e+00
"2","2019","12.2009.","12.2009.01.02.01.","5.3.2.03.","01","02","Notebook/Laptop","PBH",7.0000000000000000e+00,6.5000000000000000e+06,"Unit",4.5500000000000000e+07,7.0000000000000000e+00,6.5000000000000000e+06,4.5500000000000000e+07,0.0000000000000000e+00
"2","2019","12.2009.","12.2009.01.02.01.","5.3.2.03.","01","03","Komputer PC","PBH",1.0000000000000000e+00,1.0527998000000000e+07,"Unit",1.0527998000000000e+07,1.0000000000000000e+00,1.0527998000000000e+07,1.0527998000000000e+07,0.0000000000000000e+00
"2","2019","12.2009.","12.2009.01.02.01.","5.3.2.03.","01","04","Printer","PBH",2.0000000000000000e+00,3.0000000000000000e+06,"Unit",6.0000000000000000e+06,2.0000000000000000e+00,3.0000000000000000e+06,6.0000000000000000e+06,0.0000000000000000e+00
"2","2019","12.2009.","12.2009.01.02.01.","5.3.2.04.","01","01","Kursi Sofa","PBH",4.0000000000000000e+00,2.5000000000000000e+06,"Unit",1.0000000000000000e+07,4.0000000000000000e+00,2.5000000000000000e+06,1.0000000000000000e+07,0.0000000000000000e+00
"2","2019","12.2009.","12.2009.01.02.01.","5.3.2.04.","01","02","Kursi Kerja","PBH",2.0000000000000000e+01,3.0000000000000000e+05,"Unit",6.0000000000000000e+06,2.0000000000000000e+01,3.0000000000000000e+05,6.0000000000000000e+06,0.0000000000000000e+00
"2","2019","12.2009.","12.2009.01.02.01.","5.3.2.04.","01","03","Kursi Rapat (Plastik)","PBH",1.0000000000000000e+02,8.0000000000000000e+04,"unit",8.0000000000000000e+06,1.0000000000000000e+02,8.0000000000000000e+04,8.0000000000000000e+06,0.0000000000000000e+00
"2","2019","12.2009.","12.2009.01.02.01.","5.3.2.04.","01","04","Meja Panjang Seminar ","PBH",2.0000000000000000e+00,3.5000000000000000e+06,"Unit",7.0000000000000000e+06,2.0000000000000000e+00,3.5000000000000000e+06,7.0000000000000000e+06,0.0000000000000000e+00
"2","2019","12.2009.","12.2009.02.03.15.","5.3.4.02.","01","01","Tukang (1 Org x 5 Hari)","PBH",5.0000000000000000e+00,1.2000000000000000e+05,"HOK",6.0000000000000000e+05,5.0000000000000000e+00,1.2000000000000000e+05,6.0000000000000000e+05,0.0000000000000000e+00
"2","2019","12.2009.","12.2009.02.03.15.","5.3.4.02.","01","02","Pekerja (2 Org x 5 Hari)","PBH",1.0000000000000000e+01,1.0000000000000000e+05,"HOK",1.0000000000000000e+06,1.0000000000000000e+01,1.0000000000000000e+05,1.0000000000000000e+06,0.0000000000000000e+00
"2","2019","12.2009.","12.2009.02.03.15.","5.3.4.01.","01","01","Ketu Tim TPK (1 Org)","PBH",1.0000000000000000e+00,2.0000000000000000e+05,"Ob",2.0000000000000000e+05,1.0000000000000000e+00,2.0000000000000000e+05,2.0000000000000000e+05,0.0000000000000000e+00
"2","2019","12.2009.","12.2009.02.03.15.","5.3.4.01.","01","02","Sekretaris Tim TPK (1 org)","PBH",1.0000000000000000e+00,1.5000000000000000e+05,"Ob",1.5000000000000000e+05,1.0000000000000000e+00,1.5000000000000000e+05,1.5000000000000000e+05,0.0000000000000000e+00
"2","2019","12.2009.","12.2009.02.03.15.","5.3.4.01.","01","03","Anggota Tim TPK (1 org)","PBH",1.0000000000000000e+00,1.0000000000000000e+05,"Ob",1.0000000000000000e+05,1.0000000000000000e+00,1.0000000000000000e+05,1.0000000000000000e+05,0.0000000000000000e+00
"2","2019","12.2009.","12.2009.02.03.15.","5.3.4.03.","01","01","Main Truss C 75/0,75","PBH",6.9000000000000000e+01,8.5000000000000000e+04,"Batang",5.8650000000000000e+06,6.9000000000000000e+01,8.5000000000000000e+04,5.8650000000000000e+06,0.0000000000000000e+00
"2","2019","12.2009.","12.2009.02.03.15.","5.3.4.03.","01","02","Roof Bottom/Reng 33/0,45","PBH",3.1000000000000000e+01,3.5000000000000000e+04,"Meter",1.0850000000000000e+06,3.1000000000000000e+01,3.5000000000000000e+04,1.0850000000000000e+06,0.0000000000000000e+00
"2","2019","12.2009.","12.2009.02.03.15.","5.3.4.03.","01","03","Screww Drilling (Truss) dia. 6","PBH",1.0000000000000000e+00,3.0000000000000000e+05,"Dus",3.0000000000000000e+05,1.0000000000000000e+00,3.0000000000000000e+05,3.0000000000000000e+05,0.0000000000000000e+00
"2","2019","12.2009.","12.2009.02.03.15.","5.3.4.03.","01","04","Screww Drilling (Root Batten) Dia. 4","PBH",1.0000000000000000e+00,3.0000000000000000e+05,"Dus",3.0000000000000000e+05,1.0000000000000000e+00,3.0000000000000000e+05,3.0000000000000000e+05,0.0000000000000000e+00
"2","2019","12.2009.","12.2009.02.03.15.","5.3.4.03.","01","05","Dinabolt Dia 12","PBH",3.4000000000000000e+01,5.0000000000000000e+03,"Butir",1.7000000000000000e+05,3.4000000000000000e+01,5.0000000000000000e+03,1.7000000000000000e+05,0.0000000000000000e+00
"2","2019","12.2009.","12.2009.02.03.15.","5.3.4.03.","01","06","Genteng Metal Roof","PBH",7.2000000000000000e+01,4.0000000000000000e+04,"Lembar",2.8800000000000000e+06,7.2000000000000000e+01,4.0000000000000000e+04,2.8800000000000000e+06,0.0000000000000000e+00
"2","2019","12.2009.","12.2009.02.03.15.","5.3.4.03.","01","07","Paku Skrup","PBH",1.0000000000000000e+00,3.0000000000000000e+05,"Dus",3.0000000000000000e+05,1.0000000000000000e+00,3.0000000000000000e+05,3.0000000000000000e+05,0.0000000000000000e+00
"2","2019","12.2009.","12.2009.02.03.15.","5.3.4.03.","01","08","Pving Block","PBH",6.0000000000000000e+01,8.0000000000000000e+04,"m2",4.8000000000000000e+06,6.0000000000000000e+01,8.0000000000000000e+04,4.8000000000000000e+06,0.0000000000000000e+00
"2","2019","12.2009.","12.2009.02.03.15.","5.3.4.03.","01","09","Pasir Urug","PBH",2.0000000000000000e+00,1.5000000000000000e+05,"m3",3.0000000000000000e+05,2.0000000000000000e+00,1.5000000000000000e+05,3.0000000000000000e+05,0.0000000000000000e+00
"2","2019","12.2009.","12.2009.01.01.04.","5.2.1.09.","01","02","Seragam Batik","PBH",1.1000000000000000e+01,2.5000000000000000e+05,"Stel",2.7500000000000000e+06,1.1000000000000000e+01,2.5000000000000000e+05,2.7500000000000000e+06,0.0000000000000000e+00
"2","2019","12.2009.","12.2009.01.01.04.","5.2.1.09.","01","03","Seragam Pangsi (Daerah)","PBH",1.1000000000000000e+01,2.5000000000000000e+05,"Stel",2.7500000000000000e+06,1.1000000000000000e+01,2.5000000000000000e+05,2.7500000000000000e+06,0.0000000000000000e+00
"2","2019","12.2009.","12.2009.01.01.04.","5.2.1.09.","01","04","Seragam Rt Rw","PBH",3.9000000000000000e+01,2.0000000000000000e+05,"Stel",7.8000000000000000e+06,3.9000000000000000e+01,2.0000000000000000e+05,7.8000000000000000e+06,0.0000000000000000e+00
"2","2019","12.2009.","12.2009.01.01.04.","5.2.1.09.","01","05","Pakaian Olah Raga (Training)","PBH",1.1000000000000000e+01,2.5000000000000000e+05,"Stel",2.7500000000000000e+06,1.1000000000000000e+01,2.5000000000000000e+05,2.7500000000000000e+06,0.0000000000000000e+00
"2","2019","12.2009.","12.2009.01.01.04.","5.2.1.09.","01","06","Seragam Hansip","PBH",1.5000000000000000e+01,8.0000000000000000e+05,"Stel",1.2000000000000000e+07,1.5000000000000000e+01,8.0000000000000000e+05,1.2000000000000000e+07,0.0000000000000000e+00
"2","2019","12.2009.","12.2009.01.01.04.","5.2.5.01.","01","01","Belanja Tagihan Listrik","PBH",1.2000000000000000e+01,3.5000000000000000e+05,"Bulan",4.2000000000000000e+06,1.2000000000000000e+01,3.5000000000000000e+05,4.2000000000000000e+06,0.0000000000000000e+00
"2","2019","12.2009.","12.2009.03.04.03.","5.2.1.09.","01","02","Training","PBH",2.0000000000000000e+01,2.5000000000000000e+05,"Stel",5.0000000000000000e+06,2.0000000000000000e+01,2.5000000000000000e+05,5.0000000000000000e+06,0.0000000000000000e+00
"2","2019","12.2009.","12.2009.02.02.09.","5.2.1.09.","01","02","Traning","PBH",4.0000000000000000e+01,2.5000000000000000e+05,"Stel",1.0000000000000000e+07,4.0000000000000000e+01,2.5000000000000000e+05,1.0000000000000000e+07,0.0000000000000000e+00
"2","2019","12.2009.","12.2009.01.02.01.","5.3.2.02.","01","04","Sound System Ruangan","PBH",1.0000000000000000e+00,1.5000000000000000e+07,"Paket",1.5000000000000000e+07,1.0000000000000000e+00,1.5000000000000000e+07,1.5000000000000000e+07,0.0000000000000000e+00
"2","2019","12.2009.","12.2009.01.02.01.","5.3.2.02.","01","05","Kipas Angin Air Cooler","PBH",4.0000000000000000e+00,5.0000000000000000e+06,"Unit",2.0000000000000000e+07,4.0000000000000000e+00,5.0000000000000000e+06,2.0000000000000000e+07,0.0000000000000000e+00
"2","2019","12.2009.","12.2009.01.02.01.","5.3.2.02.","01","06","Dispenser Galon Bawah","PBH",1.0000000000000000e+00,3.0000000000000000e+06,"Unit",3.0000000000000000e+06,1.0000000000000000e+00,3.0000000000000000e+06,3.0000000000000000e+06,0.0000000000000000e+00
"2","2019","12.2009.","12.2009.02.03.14.","5.3.5.02.","01","01","Tukang (5 org X 15 hari)","DDS",7.5000000000000000e+01,1.2000000000000000e+05,"hok",9.0000000000000000e+06,7.5000000000000000e+01,1.2000000000000000e+05,9.0000000000000000e+06,0.0000000000000000e+00
"2","2019","12.2009.","12.2009.02.03.14.","5.3.5.02.","01","02","Pekerja (10 org X 15 hari)","DDS",1.5000000000000000e+02,1.0000000000000000e+05,"hok",1.5000000000000000e+07,1.5000000000000000e+02,1.0000000000000000e+05,1.5000000000000000e+07,0.0000000000000000e+00
"2","2019","12.2009.","12.2009.02.03.14.","5.3.5.01.","01","01","Ketua TPK (1 org X 1 Bulan)","DDS",1.0000000000000000e+00,2.5000000000000000e+05,"ob",2.5000000000000000e+05,1.0000000000000000e+00,2.5000000000000000e+05,2.5000000000000000e+05,0.0000000000000000e+00
"2","2019","12.2009.","12.2009.02.03.14.","5.3.5.01.","01","02","Sekretaris TPK (1 org X 1 Bulan)","DDS",1.0000000000000000e+00,2.0000000000000000e+05,"ob",2.0000000000000000e+05,1.0000000000000000e+00,2.0000000000000000e+05,2.0000000000000000e+05,0.0000000000000000e+00
"2","2019","12.2009.","12.2009.02.03.14.","5.3.5.01.","01","03","Anggota TPK (1 org X 1 Bulan)","DDS",1.0000000000000000e+00,2.0000000000000000e+05,"ob",2.0000000000000000e+05,1.0000000000000000e+00,2.0000000000000000e+05,2.0000000000000000e+05,0.0000000000000000e+00
"2","2019","12.2009.","12.2009.02.03.14.","5.3.5.01.","01","04","Ketua Pengawas (1 org X 1 Bulan)","DDS",1.0000000000000000e+00,2.5000000000000000e+05,"ob",2.5000000000000000e+05,1.0000000000000000e+00,2.5000000000000000e+05,2.5000000000000000e+05,0.0000000000000000e+00
"2","2019","12.2009.","12.2009.02.03.14.","5.3.5.01.","01","05","Sekretaris Pengawas (1 org X 1 Bulan)","DDS",1.0000000000000000e+00,2.0000000000000000e+05,"ob",2.0000000000000000e+05,1.0000000000000000e+00,2.0000000000000000e+05,2.0000000000000000e+05,0.0000000000000000e+00
"2","2019","12.2009.","12.2009.02.03.14.","5.3.5.01.","01","06","Anggota Pengawas (1 org X 1 Bulan)","DDS",1.0000000000000000e+00,2.0000000000000000e+05,"ob",2.0000000000000000e+05,1.0000000000000000e+00,2.0000000000000000e+05,2.0000000000000000e+05,0.0000000000000000e+00
"2","2019","12.2009.","12.2009.02.03.14.","5.3.5.01.","01","07","Tim Verifikasi","DDS",1.0000000000000000e+00,3.0000000000000000e+05,"Paket",3.0000000000000000e+05,1.0000000000000000e+00,3.0000000000000000e+05,3.0000000000000000e+05,0.0000000000000000e+00
"2","2019","12.2009.","12.2009.02.03.14.","5.3.5.03.","01","10","Pemberesan Bekas Pekerjaan","DDS",1.0000000000000000e+00,5.0000000000000000e+05,"Ls",5.0000000000000000e+05,1.0000000000000000e+00,5.0000000000000000e+05,5.0000000000000000e+05,0.0000000000000000e+00
"2","2019","12.2009.","12.2009.02.03.14.","5.3.5.03.","01","11","Pek Pembuatan Tugu Prasasti","DDS",1.0000000000000000e+00,3.5000000000000000e+05,"paket",3.5000000000000000e+05,1.0000000000000000e+00,3.5000000000000000e+05,3.5000000000000000e+05,0.0000000000000000e+00
"2","2019","12.2009.","12.2009.02.03.11.","5.3.5.01.","01","16","Cetak Laporan","DDS",3.0000000000000000e+00,1.7000000000000000e+05,"paket",5.1000000000000000e+05,3.0000000000000000e+00,1.7000000000000000e+05,5.1000000000000000e+05,0.0000000000000000e+00
"2","2019","12.2009.","12.2009.02.03.14.","5.3.5.04.","01","01","Sewa Alat Kerja Roda (1 unit X 15 hari)","DDS",1.5000000000000000e+01,3.5000000000000000e+04,"huk",5.2500000000000000e+05,1.5000000000000000e+01,3.5000000000000000e+04,5.2500000000000000e+05,0.0000000000000000e+00
"2","2019","12.2009.","12.2009.02.03.14.","5.3.5.04.","01","02","Jasa Angkut Material","DDS",1.5000000000000000e+01,1.0000000000000000e+05,"hari",1.5000000000000000e+06,1.5000000000000000e+01,1.0000000000000000e+05,1.5000000000000000e+06,0.0000000000000000e+00
"2","2019","12.2009.","12.2009.04.03.03.","5.2.2.01.","01","01","Ketua Pelaksana","DDS",1.0000000000000000e+00,2.5000000000000000e+05,"ob",2.5000000000000000e+05,1.0000000000000000e+00,2.5000000000000000e+05,2.5000000000000000e+05,0.0000000000000000e+00
"2","2019","12.2009.","12.2009.02.02.02.","5.2.2.05.","01","01","Ketua Posyandu Mawar 1 (1 org X 1 bln)","DDS",1.0000000000000000e+00,5.0000000000000000e+05,"ob",5.0000000000000000e+05,1.0000000000000000e+00,5.0000000000000000e+05,5.0000000000000000e+05,0.0000000000000000e+00
"2","2019","12.2009.","12.2009.04.03.03.","5.2.2.04.","01","01","Narasumber","DDS",4.0000000000000000e+00,5.0000000000000000e+05,"Ls",2.0000000000000000e+06,4.0000000000000000e+00,5.0000000000000000e+05,2.0000000000000000e+06,0.0000000000000000e+00
"2","2019","12.2009.","12.2009.04.03.03.","5.2.1.09.","01","01","Kaos","DDS",7.0000000000000000e+00,1.5000000000000000e+05,"buah",1.0500000000000000e+06,7.0000000000000000e+00,1.5000000000000000e+05,1.0500000000000000e+06,0.0000000000000000e+00
"2","2019","12.2009.","12.2009.02.03.11.","5.3.5.01.","01","17","Papan Nama Kegiatan","DDS",3.0000000000000000e+00,2.4900000000000000e+05,"paket",7.4700000000000000e+05,3.0000000000000000e+00,2.4900000000000000e+05,7.4700000000000000e+05,0.0000000000000000e+00
"2","2019","12.2009.","12.2009.02.03.11.","5.3.5.01.","01","18","Dokumentasi Kegiatan","DDS",3.0000000000000000e+00,1.9070000000000000e+05,"paket",5.7210000000000000e+05,3.0000000000000000e+00,1.9070000000000000e+05,5.7210000000000000e+05,0.0000000000000000e+00
"2","2019","12.2009.","12.2009.02.03.11.","5.3.5.03.","01","01","Ember","DDS",3.9000000000000000e+01,1.5000000000000000e+04,"buah",5.8500000000000000e+05,3.9000000000000000e+01,1.5000000000000000e+04,5.8500000000000000e+05,0.0000000000000000e+00
"2","2019","12.2009.","12.2009.02.03.11.","5.3.5.03.","01","02","Pengki","DDS",2.6000000000000000e+01,1.6000000000000000e+04,"buah",4.1600000000000000e+05,2.6000000000000000e+01,1.6000000000000000e+04,4.1600000000000000e+05,0.0000000000000000e+00
"2","2019","12.2009.","12.2009.02.03.11.","5.3.5.03.","01","03","Cangkul","DDS",6.0000000000000000e+00,8.0000000000000000e+04,"unit",4.8000000000000000e+05,6.0000000000000000e+00,8.0000000000000000e+04,4.8000000000000000e+05,0.0000000000000000e+00
"2","2019","12.2009.","12.2009.02.03.11.","5.3.5.03.","01","04","Sengkup","DDS",6.0000000000000000e+00,9.0000000000000000e+04,"unit",5.4000000000000000e+05,6.0000000000000000e+00,9.0000000000000000e+04,5.4000000000000000e+05,0.0000000000000000e+00
"2","2019","12.2009.","12.2009.02.03.11.","5.3.5.03.","01","05","Kaso","DDS",2.6000000000000000e+01,1.8000000000000000e+04,"batang",4.6800000000000000e+05,2.6000000000000000e+01,1.8000000000000000e+04,4.6800000000000000e+05,0.0000000000000000e+00
"2","2019","12.2009.","12.2009.02.03.11.","5.3.5.03.","01","06","Benang","DDS",3.7000000000000000e+01,5.0000000000000000e+03,"rol",1.8500000000000000e+05,3.7000000000000000e+01,5.0000000000000000e+03,1.8500000000000000e+05,0.0000000000000000e+00
"2","2019","12.2009.","12.2009.02.03.11.","5.3.5.03.","01","07","Semen Portland","DDS",4.4070000000000000e+03,5.0000000000000000e+04,"zak",2.2035000000000000e+08,4.4070000000000000e+03,5.0000000000000000e+04,2.2035000000000000e+08,0.0000000000000000e+00
"2","2019","12.2009.","12.2009.02.03.11.","5.3.5.03.","01","08","Pasir Beton","DDS",2.3900000000000000e+02,2.6000000000000000e+05,"m3",6.2140000000000000e+07,2.3900000000000000e+02,2.6000000000000000e+05,6.2140000000000000e+07,0.0000000000000000e+00
"2","2019","12.2009.","12.2009.02.03.11.","5.3.5.03.","01","09","Koral Beton","DDS",3.6900000000000000e+02,2.6000000000000000e+05,"m3",9.5940000000000000e+07,3.6900000000000000e+02,2.6000000000000000e+05,9.5940000000000000e+07,0.0000000000000000e+00
"2","2019","12.2009.","12.2009.02.03.11.","5.3.5.03.","01","10","Kayu Papan Kelas III","DDS",8.0000000000000000e+00,1.8330000000000000e+06,"m3",1.4664000000000000e+07,8.0000000000000000e+00,1.8330000000000000e+06,1.4664000000000000e+07,0.0000000000000000e+00
"2","2019","12.2009.","12.2009.02.03.11.","5.3.5.03.","01","11","Paku Biasa 2""-5""","DDS",7.8000000000000000e+01,1.5000000000000000e+04,"kg",1.1700000000000000e+06,7.8000000000000000e+01,1.5000000000000000e+04,1.1700000000000000e+06,0.0000000000000000e+00
"2","2019","12.2009.","12.2009.02.03.11.","5.3.5.03.","01","12","Minyak Bikesting","DDS",2.6000000000000000e+01,1.5000000000000000e+04,"liter",3.9000000000000000e+05,2.6000000000000000e+01,1.5000000000000000e+04,3.9000000000000000e+05,0.0000000000000000e+00
"2","2019","12.2009.","12.2009.02.03.11.","5.3.5.03.","01","13","Batu Belah 1-2 cm","DDS",1.6000000000000000e+02,2.7000000000000000e+05,"m3",4.3200000000000000e+07,1.6000000000000000e+02,2.7000000000000000e+05,4.3200000000000000e+07,0.0000000000000000e+00
"2","2019","12.2009.","12.2009.02.03.11.","5.3.5.03.","01","14","Batu Pecah makadam 5/7","DDS",1.3800000000000000e+02,2.5500000000000000e+05,"m3",3.5190000000000000e+07,1.3800000000000000e+02,2.5500000000000000e+05,3.5190000000000000e+07,0.0000000000000000e+00
"2","2019","12.2009.","12.2009.02.03.11.","5.3.5.03.","01","15","Pasir Urug","DDS",5.3000000000000000e+01,2.6000000000000000e+05,"m3",1.3780000000000000e+07,5.3000000000000000e+01,2.6000000000000000e+05,1.3780000000000000e+07,0.0000000000000000e+00
"2","2019","12.2009.","12.2009.04.03.03.","5.2.1.06.","01","01","Makan dan Minum Peserta","DDS",7.0000000000000000e+00,3.5000000000000000e+04,"dus",2.4500000000000000e+05,7.0000000000000000e+00,3.5000000000000000e+04,2.4500000000000000e+05,0.0000000000000000e+00
"2","2019","12.2009.","12.2009.04.03.03.","5.2.1.06.","01","02","Snack Peserta","DDS",7.0000000000000000e+00,1.5000000000000000e+04,"dus",1.0500000000000000e+05,7.0000000000000000e+00,1.5000000000000000e+04,1.0500000000000000e+05,0.0000000000000000e+00
"2","2019","12.2009.","12.2009.04.03.03.","5.2.1.01.","01","01","Block Note","DDS",7.0000000000000000e+00,1.5000000000000000e+04,"buah",1.0500000000000000e+05,7.0000000000000000e+00,1.5000000000000000e+04,1.0500000000000000e+05,0.0000000000000000e+00
"2","2019","12.2009.","12.2009.04.03.03.","5.2.1.01.","01","02","Ballpoint","DDS",7.0000000000000000e+00,5.0000000000000000e+03,"buah",3.5000000000000000e+04,7.0000000000000000e+00,5.0000000000000000e+03,3.5000000000000000e+04,0.0000000000000000e+00
"2","2019","12.2009.","12.2009.04.03.03.","5.2.1.05.","01","01","Pencetakan Foto Kegiatan","DDS",1.0000000000000000e+00,1.5000000000000000e+05,"paket",1.5000000000000000e+05,1.0000000000000000e+00,1.5000000000000000e+05,1.5000000000000000e+05,0.0000000000000000e+00
"2","2019","12.2009.","12.2009.04.03.03.","5.2.1.05.","01","02","Module Kegiatan","DDS",7.0000000000000000e+00,2.5000000000000000e+04,"buah",1.7500000000000000e+05,7.0000000000000000e+00,2.5000000000000000e+04,1.7500000000000000e+05,0.0000000000000000e+00
"2","2019","12.2009.","12.2009.01.03.02.","5.2.2.01.","01","01","Penanggungjawab","DDS",6.0000000000000000e+00,3.5000000000000000e+05,"ob",2.1000000000000000e+06,6.0000000000000000e+00,3.5000000000000000e+05,2.1000000000000000e+06,0.0000000000000000e+00
"2","2019","12.2009.","12.2009.01.03.02.","5.2.2.01.","01","02","Ketua","DDS",6.0000000000000000e+00,3.0000000000000000e+05,"ob",1.8000000000000000e+06,6.0000000000000000e+00,3.0000000000000000e+05,1.8000000000000000e+06,0.0000000000000000e+00
"2","2019","12.2009.","12.2009.01.03.02.","5.2.2.01.","01","03","Sekretaris","DDS",6.0000000000000000e+00,2.5000000000000000e+05,"ob",1.5000000000000000e+06,6.0000000000000000e+00,2.5000000000000000e+05,1.5000000000000000e+06,0.0000000000000000e+00
"2","2019","12.2009.","12.2009.01.03.02.","5.2.2.01.","01","04","Anggota (8 org X 6 bln)","DDS",4.8000000000000000e+01,2.0000000000000000e+05,"ob",9.6000000000000000e+06,4.8000000000000000e+01,2.0000000000000000e+05,9.6000000000000000e+06,0.0000000000000000e+00
"2","2019","12.2009.","12.2009.04.03.03.","5.2.1.09.","01","02","Topi","DDS",7.0000000000000000e+00,7.5000000000000000e+04,"buah",5.2500000000000000e+05,7.0000000000000000e+00,7.5000000000000000e+04,5.2500000000000000e+05,0.0000000000000000e+00
"2","2019","12.2009.","12.2009.04.03.03.","5.2.2.99.","01","01","Pengganti Tranport Peserta","DDS",7.0000000000000000e+00,1.5000000000000000e+05,"orang",1.0500000000000000e+06,7.0000000000000000e+00,1.5000000000000000e+05,1.0500000000000000e+06,0.0000000000000000e+00
"2","2019","12.2009.","12.2009.02.02.02.","5.2.2.05.","01","02","Sekretaris Posyandu Mawar 1 (1 org X 1 bln)","DDS",1.0000000000000000e+00,4.5000000000000000e+05,"ob",4.5000000000000000e+05,1.0000000000000000e+00,4.5000000000000000e+05,4.5000000000000000e+05,0.0000000000000000e+00
"2","2019","12.2009.","12.2009.02.02.02.","5.2.2.05.","01","03","Bendahara Posyandu Mawar 1 (1 org X 1 bln)","DDS",1.0000000000000000e+00,4.0000000000000000e+05,"ob",4.0000000000000000e+05,1.0000000000000000e+00,4.0000000000000000e+05,4.0000000000000000e+05,0.0000000000000000e+00
"2","2019","12.2009.","12.2009.02.02.02.","5.2.2.05.","01","04","Anggota Posyandu Mawar 1 (2 org X 1 bln)","DDS",2.0000000000000000e+00,4.0000000000000000e+05,"ob",8.0000000000000000e+05,2.0000000000000000e+00,4.0000000000000000e+05,8.0000000000000000e+05,0.0000000000000000e+00
"2","2019","12.2009.","12.2009.02.02.02.","5.2.2.05.","01","05","Ketua Posyandu Mawar 2 (1 org X 1 bln)","DDS",1.0000000000000000e+00,5.0000000000000000e+05,"ob",5.0000000000000000e+05,1.0000000000000000e+00,5.0000000000000000e+05,5.0000000000000000e+05,0.0000000000000000e+00
"2","2019","12.2009.","12.2009.02.02.02.","5.2.2.05.","01","06","Sekretaris Posyandu Mawar 2 (1 org X 1 bln)","DDS",1.0000000000000000e+00,4.5000000000000000e+05,"ob",4.5000000000000000e+05,1.0000000000000000e+00,4.5000000000000000e+05,4.5000000000000000e+05,0.0000000000000000e+00
"2","2019","12.2009.","12.2009.02.02.02.","5.2.2.05.","01","07","Bendahara Posyandu Mawar 2 (1 org X 1 bln)","DDS",1.0000000000000000e+00,4.0000000000000000e+05,"ob",4.0000000000000000e+05,1.0000000000000000e+00,4.0000000000000000e+05,4.0000000000000000e+05,0.0000000000000000e+00
"2","2019","12.2009.","12.2009.02.02.02.","5.2.2.05.","01","08","Anggota Posyandu Mawar 2 (2 org X 1 bln)","DDS",2.0000000000000000e+00,4.0000000000000000e+05,"ob",8.0000000000000000e+05,2.0000000000000000e+00,4.0000000000000000e+05,8.0000000000000000e+05,0.0000000000000000e+00
"2","2019","12.2009.","12.2009.02.02.02.","5.2.2.05.","01","09","Ketua Posyandu Mawar 3 (1 org X 1 bln)","DDS",1.0000000000000000e+00,5.0000000000000000e+05,"ob",5.0000000000000000e+05,1.0000000000000000e+00,5.0000000000000000e+05,5.0000000000000000e+05,0.0000000000000000e+00
"2","2019","12.2009.","12.2009.02.02.02.","5.2.2.05.","01","10","Sekretaris Posyandu Mawar 3 (1 org X 1 bln)","DDS",1.0000000000000000e+00,4.5000000000000000e+05,"ob",4.5000000000000000e+05,1.0000000000000000e+00,4.5000000000000000e+05,4.5000000000000000e+05,0.0000000000000000e+00
"2","2019","12.2009.","12.2009.02.02.02.","5.2.2.05.","01","11","Bendahara Posyandu Mawar 3 (1 org X 1 bln)","DDS",1.0000000000000000e+00,4.0000000000000000e+05,"ob",4.0000000000000000e+05,1.0000000000000000e+00,4.0000000000000000e+05,4.0000000000000000e+05,0.0000000000000000e+00
"2","2019","12.2009.","12.2009.02.02.02.","5.2.2.05.","01","12","Anggota Posyandu Mawar 3 (2 org X 1 bln)","DDS",2.0000000000000000e+00,4.0000000000000000e+05,"ob",8.0000000000000000e+05,2.0000000000000000e+00,4.0000000000000000e+05,8.0000000000000000e+05,0.0000000000000000e+00
"2","2019","12.2009.","12.2009.02.02.02.","5.2.2.05.","01","13","Ketua Posyandu Mawar 4 (1 org X 1 bln)","DDS",1.0000000000000000e+00,5.0000000000000000e+05,"ob",5.0000000000000000e+05,1.0000000000000000e+00,5.0000000000000000e+05,5.0000000000000000e+05,0.0000000000000000e+00
"2","2019","12.2009.","12.2009.02.02.02.","5.2.2.05.","01","14","Sekretaris Posyandu Mawar 4 (1 org X 1 bln)","DDS",1.0000000000000000e+00,4.5000000000000000e+05,"ob",4.5000000000000000e+05,1.0000000000000000e+00,4.5000000000000000e+05,4.5000000000000000e+05,0.0000000000000000e+00
"2","2019","12.2009.","12.2009.02.02.02.","5.2.2.05.","01","15","Bendahara Posyandu Mawar 4 (1 org X 1 bln)","DDS",1.0000000000000000e+00,4.0000000000000000e+05,"ob",4.0000000000000000e+05,1.0000000000000000e+00,4.0000000000000000e+05,4.0000000000000000e+05,0.0000000000000000e+00
"2","2019","12.2009.","12.2009.02.02.02.","5.2.2.05.","01","16","Anggota Posyandu Mawar 4 (2 org X 1 bln)","DDS",2.0000000000000000e+00,4.0000000000000000e+05,"ob",8.0000000000000000e+05,2.0000000000000000e+00,4.0000000000000000e+05,8.0000000000000000e+05,0.0000000000000000e+00
"2","2019","12.2009.","12.2009.02.02.02.","5.2.2.05.","01","17","Ketua Posyandu Mawar 5 (1 org X 1 bln)","DDS",1.0000000000000000e+00,5.0000000000000000e+05,"ob",5.0000000000000000e+05,1.0000000000000000e+00,5.0000000000000000e+05,5.0000000000000000e+05,0.0000000000000000e+00
"2","2019","12.2009.","12.2009.02.02.02.","5.2.2.05.","01","18","Sekretaris Posyandu Mawar 5 (1 org X 1 bln)","DDS",1.0000000000000000e+00,4.5000000000000000e+05,"ob",4.5000000000000000e+05,1.0000000000000000e+00,4.5000000000000000e+05,4.5000000000000000e+05,0.0000000000000000e+00
"2","2019","12.2009.","12.2009.02.02.02.","5.2.2.05.","01","19","Bendahara Posyandu Mawar 5 (1 org X 1 bln)","DDS",1.0000000000000000e+00,4.0000000000000000e+05,"ob",4.0000000000000000e+05,1.0000000000000000e+00,4.0000000000000000e+05,4.0000000000000000e+05,0.0000000000000000e+00
"2","2019","12.2009.","12.2009.02.02.02.","5.2.2.05.","01","20","Anggota Posyandu Mawar 5 (2 org X 1 bln)","DDS",2.0000000000000000e+00,4.0000000000000000e+05,"ob",8.0000000000000000e+05,2.0000000000000000e+00,4.0000000000000000e+05,8.0000000000000000e+05,0.0000000000000000e+00
"2","2019","12.2009.","12.2009.02.02.02.","5.2.2.05.","01","21","Ketua Posyandu Mawar 6 (1 org X 1 bln)","DDS",1.0000000000000000e+00,5.0000000000000000e+05,"ob",5.0000000000000000e+05,1.0000000000000000e+00,5.0000000000000000e+05,5.0000000000000000e+05,0.0000000000000000e+00
"2","2019","12.2009.","12.2009.02.02.02.","5.2.2.05.","01","22","Sekretaris Posyandu Mawar 6 (1 org X 1 bln)","DDS",1.0000000000000000e+00,4.5000000000000000e+05,"ob",4.5000000000000000e+05,1.0000000000000000e+00,4.5000000000000000e+05,4.5000000000000000e+05,0.0000000000000000e+00
"2","2019","12.2009.","12.2009.02.02.02.","5.2.2.05.","01","23","Bendahara Posyandu Mawar 6 (1 org X 1 bln)","DDS",1.0000000000000000e+00,4.0000000000000000e+05,"ob",4.0000000000000000e+05,1.0000000000000000e+00,4.0000000000000000e+05,4.0000000000000000e+05,0.0000000000000000e+00
"2","2019","12.2009.","12.2009.02.02.02.","5.2.2.05.","01","24","Anggota Posyandu Mawar 6 (2 org X 1 bln)","DDS",2.0000000000000000e+00,4.0000000000000000e+05,"ob",8.0000000000000000e+05,2.0000000000000000e+00,4.0000000000000000e+05,8.0000000000000000e+05,0.0000000000000000e+00
"2","2019","12.2009.","12.2009.02.02.02.","5.2.2.05.","01","25","Ketua Posyandu Mawar 7 (1 org X 1 bln)","DDS",1.0000000000000000e+00,5.0000000000000000e+05,"ob",5.0000000000000000e+05,1.0000000000000000e+00,5.0000000000000000e+05,5.0000000000000000e+05,0.0000000000000000e+00
"2","2019","12.2009.","12.2009.02.02.02.","5.2.2.05.","01","26","Sekretaris Posyandu Mawar 7 (1 org X 1 bln)","DDS",1.0000000000000000e+00,4.5000000000000000e+05,"ob",4.5000000000000000e+05,1.0000000000000000e+00,4.5000000000000000e+05,4.5000000000000000e+05,0.0000000000000000e+00
"2","2019","12.2009.","12.2009.02.02.02.","5.2.2.05.","01","27","Bendahara Posyandu Mawar 7 (1 org X 1 bln)","DDS",1.0000000000000000e+00,4.0000000000000000e+05,"ob",4.0000000000000000e+05,1.0000000000000000e+00,4.0000000000000000e+05,4.0000000000000000e+05,0.0000000000000000e+00
"2","2019","12.2009.","12.2009.02.02.02.","5.2.2.05.","01","28","Anggota Posyandu Mawar 7 (2 org X 1 bln)","DDS",2.0000000000000000e+00,4.0000000000000000e+05,"ob",8.0000000000000000e+05,2.0000000000000000e+00,4.0000000000000000e+05,8.0000000000000000e+05,0.0000000000000000e+00
"2","2019","12.2009.","12.2009.02.02.02.","5.2.2.05.","01","29","Ketua Posyandu Mawar 8 (1 org X 1 bln)","DDS",1.0000000000000000e+00,5.0000000000000000e+05,"ob",5.0000000000000000e+05,1.0000000000000000e+00,5.0000000000000000e+05,5.0000000000000000e+05,0.0000000000000000e+00
"2","2019","12.2009.","12.2009.02.02.02.","5.2.2.05.","01","30","Sekretaris Posyandu Mawar 8 (1 org X 1 bln)","DDS",1.0000000000000000e+00,4.5000000000000000e+05,"ob",4.5000000000000000e+05,1.0000000000000000e+00,4.5000000000000000e+05,4.5000000000000000e+05,0.0000000000000000e+00
"2","2019","12.2009.","12.2009.02.02.02.","5.2.2.05.","01","31","Bendahara Posyandu Mawar 8 (1 org X 1 bln)","DDS",1.0000000000000000e+00,4.0000000000000000e+05,"ob",4.0000000000000000e+05,1.0000000000000000e+00,4.0000000000000000e+05,4.0000000000000000e+05,0.0000000000000000e+00
"2","2019","12.2009.","12.2009.02.02.02.","5.2.2.05.","01","32","Anggota Posyandu Mawar 8 (2 org X 1 bln)","DDS",2.0000000000000000e+00,4.0000000000000000e+05,"ob",8.0000000000000000e+05,2.0000000000000000e+00,4.0000000000000000e+05,8.0000000000000000e+05,0.0000000000000000e+00
"2","2019","12.2009.","12.2009.02.03.11.","5.3.5.03.","01","16","Pemberesan Bekas Pekerjaan","DDS",3.0000000000000000e+00,5.0000000000000000e+05,"Ls",1.5000000000000000e+06,3.0000000000000000e+00,5.0000000000000000e+05,1.5000000000000000e+06,0.0000000000000000e+00
"2","2019","12.2009.","12.2009.02.03.11.","5.3.5.03.","01","17","Pembuatan Tugu Prasasti","DDS",3.0000000000000000e+00,3.5000000000000000e+05,"unit",1.0500000000000000e+06,3.0000000000000000e+00,3.5000000000000000e+05,1.0500000000000000e+06,0.0000000000000000e+00
"2","2019","12.2009.","12.2009.02.03.99.","5.3.4.01.","01","01","Ketua Tim TPK (1 org x bln)","PBP",1.0000000000000000e+00,2.5000000000000000e+05,"ob",2.5000000000000000e+05,1.0000000000000000e+00,2.5000000000000000e+05,2.5000000000000000e+05,0.0000000000000000e+00
"2","2019","12.2009.","12.2009.02.03.99.","5.3.4.01.","01","02","Sekretaris Tim TPK (1 org X 1 bln)","PBP",1.0000000000000000e+00,2.0000000000000000e+05,"ob",2.0000000000000000e+05,1.0000000000000000e+00,2.0000000000000000e+05,2.0000000000000000e+05,0.0000000000000000e+00
"2","2019","12.2009.","12.2009.02.03.99.","5.3.4.01.","01","03","Anggota Tim TPK (1 org X bulan)","PBP",1.0000000000000000e+00,2.0000000000000000e+05,"ob",2.0000000000000000e+05,1.0000000000000000e+00,2.0000000000000000e+05,2.0000000000000000e+05,0.0000000000000000e+00
"2","2019","12.2009.","12.2009.02.03.99.","5.3.4.01.","01","04","Tim Verifikasi","PBP",1.0000000000000000e+00,2.5000000000000000e+05,"paket",2.5000000000000000e+05,1.0000000000000000e+00,2.5000000000000000e+05,2.5000000000000000e+05,0.0000000000000000e+00
"2","2019","12.2009.","12.2009.02.03.99.","5.3.4.01.","01","05","Kertas HVS","PBP",1.0000000000000000e+00,6.0000000000000000e+04,"rim",6.0000000000000000e+04,1.0000000000000000e+00,6.0000000000000000e+04,6.0000000000000000e+04,0.0000000000000000e+00
"2","2019","12.2009.","12.2009.02.03.99.","5.3.4.01.","01","06","Ballpoint","PBP",1.0000000000000000e+00,3.5000000000000000e+04,"pak",3.5000000000000000e+04,1.0000000000000000e+00,3.5000000000000000e+04,3.5000000000000000e+04,0.0000000000000000e+00
"2","2019","12.2009.","12.2009.02.03.99.","5.3.4.01.","01","07","Foto/Dokumen","PBP",1.0000000000000000e+00,8.5500000000000000e+04,"paket",8.5500000000000000e+04,1.0000000000000000e+00,8.5500000000000000e+04,8.5500000000000000e+04,0.0000000000000000e+00
"2","2019","12.2009.","12.2009.02.03.99.","5.3.4.01.","01","08","Tinta Printer","PBP",1.0000000000000000e+00,1.0000000000000000e+05,"botol",1.0000000000000000e+05,1.0000000000000000e+00,1.0000000000000000e+05,1.0000000000000000e+05,0.0000000000000000e+00
"2","2019","12.2009.","12.2009.02.03.99.","5.3.4.01.","01","09","Photocopy","PBP",2.0000000000000000e+02,2.5000000000000000e+02,"lembar",5.0000000000000000e+04,2.0000000000000000e+02,2.5000000000000000e+02,5.0000000000000000e+04,0.0000000000000000e+00
"2","2019","12.2009.","12.2009.02.03.99.","5.3.4.03.","01","01","Panel Beton Pracetak","PBP",1.7500000000000000e+02,1.3500000000000000e+05,"lembar",2.3625000000000000e+07,1.7500000000000000e+02,1.3500000000000000e+05,2.3625000000000000e+07,0.0000000000000000e+00
"2","2019","12.2009.","12.2009.02.03.99.","5.3.4.03.","01","02","Kolom Beton Pracetak","PBP",9.2000000000000000e+01,2.7810000000000000e+05,"batang",2.5585200000000000e+07,9.2000000000000000e+01,2.7810000000000000e+05,2.5585200000000000e+07,0.0000000000000000e+00
"2","2019","12.2009.","12.2009.02.03.99.","5.3.4.03.","01","03","Pasir Beton","PBP",1.5000000000000000e+01,2.6000000000000000e+05,"m3",3.9000000000000000e+06,1.5000000000000000e+01,2.6000000000000000e+05,3.9000000000000000e+06,0.0000000000000000e+00
"2","2019","12.2009.","12.2009.02.03.99.","5.3.4.03.","01","04","Koral 2/3 beton","PBP",1.8000000000000000e+01,2.6000000000000000e+05,"m3",4.6800000000000000e+06,1.8000000000000000e+01,2.6000000000000000e+05,4.6800000000000000e+06,0.0000000000000000e+00
"2","2019","12.2009.","12.2009.02.03.99.","5.3.4.03.","01","05","Semen Portland","PBP",1.8700000000000000e+02,5.0000000000000000e+04,"zak",9.3500000000000000e+06,1.8700000000000000e+02,5.0000000000000000e+04,9.3500000000000000e+06,0.0000000000000000e+00
"2","2019","12.2009.","12.2009.02.03.99.","5.3.4.03.","01","06","Batu Belah 15/20","PBP",2.7000000000000000e+01,2.5000000000000000e+05,"m3",6.7500000000000000e+06,2.7000000000000000e+01,2.5000000000000000e+05,6.7500000000000000e+06,0.0000000000000000e+00
"2","2019","12.2009.","12.2009.02.03.99.","5.3.4.03.","01","07","Pasir Pasang","PBP",1.6000000000000000e+01,2.0000000000000000e+05,"m3",3.2000000000000000e+06,1.6000000000000000e+01,2.0000000000000000e+05,3.2000000000000000e+06,0.0000000000000000e+00
"2","2019","12.2009.","12.2009.02.03.99.","5.3.4.03.","01","08","Bata Merah","PBP",7.2200000000000000e+02,7.5000000000000000e+02,"buah",5.4150000000000000e+05,7.2200000000000000e+02,7.5000000000000000e+02,5.4150000000000000e+05,0.0000000000000000e+00
"2","2019","12.2009.","12.2009.02.03.99.","5.3.4.03.","01","09","Kayu Papan Kelas III","PBP",1.0000000000000000e+00,2.1000000000000000e+06,"m3",2.1000000000000000e+06,1.0000000000000000e+00,2.1000000000000000e+06,2.1000000000000000e+06,0.0000000000000000e+00
"2","2019","12.2009.","12.2009.02.03.99.","5.3.4.03.","01","10","Paku Biasa 2""- 5""","PBP",2.0000000000000000e+00,1.5900000000000000e+04,"kg",3.1800000000000000e+04,2.0000000000000000e+00,1.5900000000000000e+04,3.1800000000000000e+04,0.0000000000000000e+00
"2","2019","12.2009.","12.2009.02.03.99.","5.3.4.03.","01","11","Minyak Bekisting","PBP",1.0000000000000000e+00,1.5000000000000000e+04,"liter",1.5000000000000000e+04,1.0000000000000000e+00,1.5000000000000000e+04,1.5000000000000000e+04,0.0000000000000000e+00
"2","2019","12.2009.","12.2009.02.03.99.","5.3.4.03.","01","12","Besi Beton (polos/ulir)","PBP",3.8000000000000000e+01,9.5000000000000000e+03,"kg",3.6100000000000000e+05,3.8000000000000000e+01,9.5000000000000000e+03,3.6100000000000000e+05,0.0000000000000000e+00
"2","2019","12.2009.","12.2009.02.03.99.","5.3.4.03.","01","13","Kawat Beton","PBP",3.0000000000000000e+00,2.5000000000000000e+04,"kg",7.5000000000000000e+04,3.0000000000000000e+00,2.5000000000000000e+04,7.5000000000000000e+04,0.0000000000000000e+00
"2","2019","12.2009.","12.2009.02.03.99.","5.3.4.03.","01","14","Besi Strip 3 x 30","PBP",4.1000000000000000e+02,1.0500000000000000e+04,"kg",4.3050000000000000e+06,4.1000000000000000e+02,1.0500000000000000e+04,4.3050000000000000e+06,0.0000000000000000e+00
"2","2019","12.2009.","12.2009.02.03.99.","5.3.4.03.","01","15","Besi Hollow 4/4 ","PBP",2.4000000000000000e+01,7.5000000000000000e+03,"m2",1.8000000000000000e+05,2.4000000000000000e+01,7.5000000000000000e+03,1.8000000000000000e+05,0.0000000000000000e+00
"2","2019","12.2009.","12.2009.02.03.99.","5.3.4.03.","01","16","Besi Pipa Galvanis dia 2""","PBP",2.8000000000000000e+01,1.0500000000000000e+05,"m2",2.9400000000000000e+06,2.8000000000000000e+01,1.0500000000000000e+05,2.9400000000000000e+06,0.0000000000000000e+00
"2","2019","12.2009.","12.2009.02.03.99.","5.3.4.03.","01","17","Minyak Cat","PBP",3.0000000000000000e+00,1.3000000000000000e+04,"liter",3.9000000000000000e+04,3.0000000000000000e+00,1.3000000000000000e+04,3.9000000000000000e+04,0.0000000000000000e+00
"2","2019","12.2009.","12.2009.02.03.99.","5.3.4.03.","01","18","Cat Besi Zingcromate","PBP",1.9000000000000000e+01,6.0000000000000000e+04,"kg",1.1400000000000000e+06,1.9000000000000000e+01,6.0000000000000000e+04,1.1400000000000000e+06,0.0000000000000000e+00
"2","2019","12.2009.","12.2009.02.03.99.","5.3.4.03.","01","19","Cat Meni","PBP",2.0000000000000000e+00,3.0000000000000000e+04,"kg",6.0000000000000000e+04,2.0000000000000000e+00,3.0000000000000000e+04,6.0000000000000000e+04,0.0000000000000000e+00
"2","2019","12.2009.","12.2009.02.03.99.","5.3.4.03.","01","20","Ampelas","PBP",6.6000000000000000e+01,2.0000000000000000e+03,"lembar",1.3200000000000000e+05,6.6000000000000000e+01,2.0000000000000000e+03,1.3200000000000000e+05,0.0000000000000000e+00
"2","2019","12.2009.","12.2009.02.03.99.","5.3.4.03.","01","21","Pipa Galvanis @5"" x 4,60 mm x 6 M","PBP",1.0000000000000000e+00,1.4350000000000000e+06,"batang",1.4350000000000000e+06,1.0000000000000000e+00,1.4350000000000000e+06,1.4350000000000000e+06,0.0000000000000000e+00
"2","2019","12.2009.","12.2009.02.03.99.","5.3.4.03.","01","22","Ember","PBP",9.0000000000000000e+00,1.5000000000000000e+04,"buah",1.3500000000000000e+05,9.0000000000000000e+00,1.5000000000000000e+04,1.3500000000000000e+05,0.0000000000000000e+00
"2","2019","12.2009.","12.2009.02.03.99.","5.3.4.03.","01","23","Pengki","PBP",4.0000000000000000e+00,1.3000000000000000e+04,"buah",5.2000000000000000e+04,4.0000000000000000e+00,1.3000000000000000e+04,5.2000000000000000e+04,0.0000000000000000e+00
"2","2019","12.2009.","12.2009.02.03.99.","5.3.4.03.","01","24","Cangkul","PBP",3.0000000000000000e+00,8.0000000000000000e+04,"unit",2.4000000000000000e+05,3.0000000000000000e+00,8.0000000000000000e+04,2.4000000000000000e+05,0.0000000000000000e+00
"2","2019","12.2009.","12.2009.02.03.99.","5.3.4.03.","01","25","Sengkup","PBP",2.0000000000000000e+00,9.0000000000000000e+04,"unit",1.8000000000000000e+05,2.0000000000000000e+00,9.0000000000000000e+04,1.8000000000000000e+05,0.0000000000000000e+00
"2","2019","12.2009.","12.2009.02.03.99.","5.3.4.03.","01","26","Kaso","PBP",1.0000000000000000e+01,1.8000000000000000e+04,"batang",1.8000000000000000e+05,1.0000000000000000e+01,1.8000000000000000e+04,1.8000000000000000e+05,0.0000000000000000e+00
"2","2019","12.2009.","12.2009.02.03.99.","5.3.4.03.","01","27","Benang","PBP",5.0000000000000000e+00,5.0000000000000000e+03,"rol",2.5000000000000000e+04,5.0000000000000000e+00,5.0000000000000000e+03,2.5000000000000000e+04,0.0000000000000000e+00
"2","2019","12.2009.","12.2009.00.00.00.","6.1.1.01.","01","01","Silpa Tahun 2018","DLL",1.0000000000000000e+00,1.2282780000000000e+06,"Ls",1.2282780000000000e+06,1.0000000000000000e+00,1.2282780000000000e+06,1.2282780000000000e+06,0.0000000000000000e+00
"2","2019","12.2009.","12.2009.01.01.04.","5.2.5.90.","01","01","Administrasi Keuangan","DLL",1.0000000000000000e+00,1.2282780000000000e+06,"Ls",1.2282780000000000e+06,1.0000000000000000e+00,1.2282780000000000e+06,1.2282780000000000e+06,0.0000000000000000e+00
