Tahun,Kd_Desa,Kd_Keg,Kd_Rincian,Kd_SubRinci,No_Urut,SumberDana,Uraian,Satuan,JmlSatuan,HrgSatuan,Anggaran,JmlSatuanPAK,HrgSatuanPAK,AnggaranStlhPAK,AnggaranPAK,Kode_SBU
"2019","12.2009.","12.2009.00.00.00.","4.2.3.01.","01","01","ADD","Alokasi Dana Desa","Tahun",1.0000000000000000e+00,6.7110000000000000e+08,6.7110000000000000e+08,1.0000000000000000e+00,6.7110000000000000e+08,6.7110000000000000e+08,0.0000000000000000e+00,
"2019","12.2009.","12.2009.01.01.01.","5.1.1.01.","01","01","ADD","Kepala Desa (1 Org)","OB",1.2000000000000000e+01,2.7000000000000000e+06,3.2400000000000000e+07,1.2000000000000000e+01,2.7000000000000000e+06,3.2400000000000000e+07,0.0000000000000000e+00,
"2019","12.2009.","12.2009.01.01.01.","5.1.1.02.","01","01","ADD","Beban Kerja Kepala Desa (1 Org)","OB",1.2000000000000000e+01,1.8000000000000000e+06,2.1600000000000000e+07,1.2000000000000000e+01,1.8000000000000000e+06,2.1600000000000000e+07,0.0000000000000000e+00,
"2019","12.2009.","12.2009.01.01.02.","5.1.2.01.","01","01","ADD","Sekretaris Desa (1 Org)","OB",1.2000000000000000e+01,1.9000000000000000e+06,2.2800000000000000e+07,1.2000000000000000e+01,1.9000000000000000e+06,2.2800000000000000e+07,0.0000000000000000e+00,
"2019","12.2009.","12.2009.01.01.02.","5.1.2.01.","01","02","ADD","Kepala Seksi (3 Org)","OB",3.6000000000000000e+01,1.5000000000000000e+06,5.4000000000000000e+07,3.6000000000000000e+01,1.5000000000000000e+06,5.4000000000000000e+07,0.0000000000000000e+00,
"2019","12.2009.","12.2009.01.01.02.","5.1.2.01.","01","03","ADD","Kepala Urusan (3 Org)","OB",3.6000000000000000e+01,1.4000000000000000e+06,5.0400000000000000e+07,3.6000000000000000e+01,1.4000000000000000e+06,5.0400000000000000e+07,0.0000000000000000e+00,
"2019","12.2009.","12.2009.01.01.02.","5.1.2.01.","01","04","ADD","Kepala Dusun (3 Org)","OB",3.6000000000000000e+01,1.3500000000000000e+06,4.8600000000000000e+07,3.6000000000000000e+01,1.3500000000000000e+06,4.8600000000000000e+07,0.0000000000000000e+00,
"2019","12.2009.","12.2009.01.01.05.","5.1.4.01.","01","01","ADD","Ketua (1 Org)","OB",1.2000000000000000e+01,1.2000000000000000e+06,1.4400000000000000e+07,1.2000000000000000e+01,1.2000000000000000e+06,1.4400000000000000e+07,0.0000000000000000e+00,
"2019","12.2009.","12.2009.01.01.05.","5.1.4.01.","01","02","ADD","Wakil Ketua (1 Org)","OB",1.2000000000000000e+01,9.0000000000000000e+05,1.0800000000000000e+07,1.2000000000000000e+01,9.0000000000000000e+05,1.0800000000000000e+07,0.0000000000000000e+00,
"2019","12.2009.","12.2009.01.01.05.","5.1.4.01.","01","03","ADD","Sekretaris (1 Org)","OB",1.2000000000000000e+01,7.0000000000000000e+05,8.4000000000000000e+06,1.2000000000000000e+01,7.0000000000000000e+05,8.4000000000000000e+06,0.0000000000000000e+00,
"2019","12.2009.","12.2009.01.01.05.","5.1.4.01.","01","04","ADD","Anggota (4 Org)","OB",4.8000000000000000e+01,5.5000000000000000e+05,2.6400000000000000e+07,4.8000000000000000e+01,5.5000000000000000e+05,2.6400000000000000e+07,0.0000000000000000e+00,
"2019","12.2009.","12.2009.01.01.07.","5.2.2.90.","01","01","ADD","Ketua Rukun Warga (RW) 7 Org","OB",8.4000000000000000e+01,7.0000000000000000e+05,5.8800000000000000e+07,8.4000000000000000e+01,7.0000000000000000e+05,5.8800000000000000e+07,0.0000000000000000e+00,
"2019","12.2009.","12.2009.01.01.07.","5.2.2.90.","01","02","ADD","Ketua Rukun Tetangga (RT) 30 Org","OB",3.6000000000000000e+02,6.5000000000000000e+05,2.3400000000000000e+08,3.6000000000000000e+02,6.5000000000000000e+05,2.3400000000000000e+08,0.0000000000000000e+00,
"2019","12.2009.","12.2009.00.00.00.","4.1.1.01.","01","01","PAD","Bagi Hasil BUMDes","Tahun",1.0000000000000000e+00,1.0000000000000000e+06,1.0000000000000000e+06,1.0000000000000000e+00,1.0000000000000000e+06,1.0000000000000000e+06,0.0000000000000000e+00,
"2019","12.2009.","12.2009.00.00.00.","4.1.2.01.","01","01","PAD","Hasil Pengelolaan Tanah Kas Desa","Tahun",1.0000000000000000e+00,8.0000000000000000e+06,8.0000000000000000e+06,1.0000000000000000e+00,8.0000000000000000e+06,8.0000000000000000e+06,0.0000000000000000e+00,
"2019","12.2009.","12.2009.00.00.00.","4.1.3.01.","01","01","PAD","Swadaya, Partisipasi dan Gotong Royong","Tahun",1.0000000000000000e+00,2.0000000000000000e+06,2.0000000000000000e+06,1.0000000000000000e+00,2.0000000000000000e+06,2.0000000000000000e+06,0.0000000000000000e+00,
"2019","12.2009.","12.2009.03.04.02.","5.2.2.99.","01","01","ADD","Honorarium LPM","Paket",1.0000000000000000e+00,2.0000000000000000e+06,2.0000000000000000e+06,1.0000000000000000e+00,2.0000000000000000e+06,2.0000000000000000e+06,0.0000000000000000e+00,
"2019","12.2009.","12.2009.01.01.90","5.2.2.05.","01","01","ADD","Honorarium Petugas Ketertiban Masyarakat","OB",2.4000000000000000e+01,5.0000000000000000e+05,1.2000000000000000e+07,2.4000000000000000e+01,5.0000000000000000e+05,1.2000000000000000e+07,0.0000000000000000e+00,
"2019","12.2009.","12.2009.03.04.90","5.2.2.99.","01","01","ADD","Honorarium Majlis Ulama Indonesia Desa","Paket",1.0000000000000000e+00,2.5000000000000000e+06,2.5000000000000000e+06,1.0000000000000000e+00,2.5000000000000000e+06,2.5000000000000000e+06,0.0000000000000000e+00,
"2019","12.2009.","12.2009.01.01.91","5.2.2.99.","01","01","ADD","Honorarium Anggota Perlindungan Masyarakat (15Org)","OB",1.8000000000000000e+02,4.0000000000000000e+05,7.2000000000000000e+07,1.8000000000000000e+02,4.0000000000000000e+05,7.2000000000000000e+07,0.0000000000000000e+00,
"2019","12.2009.","12.2009.03.02.03.","5.2.1.07.","01","01","PBH","Dongdang","Paket",1.0000000000000000e+00,1.5000000000000000e+06,1.5000000000000000e+06,1.0000000000000000e+00,1.5000000000000000e+06,1.5000000000000000e+06,0.0000000000000000e+00,
"2019","12.2009.","12.2009.03.02.03.","5.2.1.08.","01","01","PBH","Spanduk","Buah",1.0000000000000000e+00,2.5000000000000000e+05,2.5000000000000000e+05,1.0000000000000000e+00,2.5000000000000000e+05,2.5000000000000000e+05,0.0000000000000000e+00,
"2019","12.2009.","12.2009.03.02.03.","5.2.1.08.","01","02","PBH","Umbul-umbul","Buah",5.0000000000000000e+00,1.5000000000000000e+05,7.5000000000000000e+05,5.0000000000000000e+00,1.5000000000000000e+05,7.5000000000000000e+05,0.0000000000000000e+00,
"2019","12.2009.","12.2009.05.03.01.","5.4.1.01.","01","01","PAD","Bantuan Transportasi Orang Sakit","Tahun",1.0000000000000000e+00,1.0000000000000000e+06,1.0000000000000000e+06,1.0000000000000000e+00,1.0000000000000000e+06,1.0000000000000000e+06,0.0000000000000000e+00,
"2019","12.2009.","12.2009.00.00.00.","4.2.4.01.","01","01","PBP","Tunjangan Penghasilan Aparatur Pemerintah Desa","Tahun",1.0000000000000000e+00,1.5000000000000000e+07,1.5000000000000000e+07,1.0000000000000000e+00,1.5000000000000000e+07,1.5000000000000000e+07,0.0000000000000000e+00,
"2019","12.2009.","12.2009.00.00.00.","4.2.4.01.","01","02","PBP","Pengadaan Smartphone","Unit",8.0000000000000000e+00,1.3000000000000000e+06,1.0400000000000000e+07,8.0000000000000000e+00,1.3000000000000000e+06,1.0400000000000000e+07,0.0000000000000000e+00,
"2019","12.2009.","12.2009.00.00.00.","4.2.4.01.","01","03","PBP","Batuan Pulsa 8 Smartphone","Unit/Bulan",4.8000000000000000e+01,5.0000000000000000e+04,2.4000000000000000e+06,4.8000000000000000e+01,5.0000000000000000e+04,2.4000000000000000e+06,0.0000000000000000e+00,
"2019","12.2009.","12.2009.00.00.00.","4.2.4.01.","01","04","PBP","Infrastruktur Desa","Ls",1.0000000000000000e+00,9.9488000000000000e+07,9.9488000000000000e+07,1.0000000000000000e+00,9.9488000000000000e+07,9.9488000000000000e+07,0.0000000000000000e+00,
"2019","12.2009.","12.2009.01.01.01.","5.1.1.02.","01","02","PBP","Tunjangan Penghasilan Kepala Desa (1 Org)","OB",1.0000000000000000e+00,3.0000000000000000e+06,3.0000000000000000e+06,1.0000000000000000e+00,3.0000000000000000e+06,3.0000000000000000e+06,0.0000000000000000e+00,
"2019","12.2009.","12.2009.01.01.02.","5.1.2.02.","01","01","PBP","Sekretaris Desa (1 Org)","OB",1.0000000000000000e+00,1.6500000000000000e+06,1.6500000000000000e+06,1.0000000000000000e+00,1.6500000000000000e+06,1.6500000000000000e+06,0.0000000000000000e+00,
"2019","12.2009.","12.2009.01.01.02.","5.1.2.02.","01","02","PBP","Kepala Seksi (3 Org)","OB",3.0000000000000000e+00,1.3000000000000000e+06,3.9000000000000000e+06,3.0000000000000000e+00,1.3000000000000000e+06,3.9000000000000000e+06,0.0000000000000000e+00,
"2019","12.2009.","12.2009.01.01.02.","5.1.2.02.","01","03","PBP","Kepala Urusan (3 Org)","OB",3.0000000000000000e+00,1.2500000000000000e+06,3.7500000000000000e+06,3.0000000000000000e+00,1.2500000000000000e+06,3.7500000000000000e+06,0.0000000000000000e+00,
"2019","12.2009.","12.2009.01.01.02.","5.1.2.02.","01","04","PBP","Kepala Dusun (3 Org)","OB",3.0000000000000000e+00,9.0000000000000000e+05,2.7000000000000000e+06,3.0000000000000000e+00,9.0000000000000000e+05,2.7000000000000000e+06,0.0000000000000000e+00,
"2019","12.2009.","12.2009.00.00.00.","4.2.1.01.","01","01","DDS","Dana Desa","Tahun",1.0000000000000000e+00,8.3955340000000000e+08,8.3955340000000000e+08,1.0000000000000000e+00,8.3955340000000000e+08,8.3955340000000000e+08,0.0000000000000000e+00,
"2019","12.2009.","12.2009.00.00.00.","6.2.2.01.","01","01","DDS","Tambah Modal BUMDes","Ls",1.0000000000000000e+00,4.0000000000000000e+07,4.0000000000000000e+07,1.0000000000000000e+00,4.0000000000000000e+07,4.0000000000000000e+07,0.0000000000000000e+00,
"2019","12.2009.","12.2009.01.01.07.","5.3.2.02.","01","01","PBP","Smartphone","Unit",8.0000000000000000e+00,1.3000000000000000e+06,1.0400000000000000e+07,8.0000000000000000e+00,1.3000000000000000e+06,1.0400000000000000e+07,0.0000000000000000e+00,
"2019","12.2009.","12.2009.02.06.03.","5.2.5.05.","01","01","PBP","Pulsa 8 Smartphone","OB",4.8000000000000000e+01,5.0000000000000000e+04,2.4000000000000000e+06,4.8000000000000000e+01,5.0000000000000000e+04,2.4000000000000000e+06,0.0000000000000000e+00,
"2019","12.2009.","12.2009.02.03.11.","5.3.5.04.","01","01","DDS","Sewa Mesin Molen","huk",6.3000000000000000e+01,4.0000000000000000e+05,2.5200000000000000e+07,6.3000000000000000e+01,4.0000000000000000e+05,2.5200000000000000e+07,0.0000000000000000e+00,
"2019","12.2009.","12.2009.02.03.11.","5.3.5.04.","01","02","DDS","Jasa Angkut Material","huk",7.6000000000000000e+01,1.0000000000000000e+05,7.6000000000000000e+06,7.6000000000000000e+01,1.0000000000000000e+05,7.6000000000000000e+06,0.0000000000000000e+00,
"2019","12.2009.","12.2009.02.03.14.","5.3.5.01.","01","08","DDS","Kertas HVS","rim",1.0000000000000000e+00,6.0000000000000000e+04,6.0000000000000000e+04,1.0000000000000000e+00,6.0000000000000000e+04,6.0000000000000000e+04,0.0000000000000000e+00,
"2019","12.2009.","12.2009.02.03.14.","5.3.5.01.","01","09","DDS","Tinta Printer","botol",1.0000000000000000e+00,1.2000000000000000e+05,1.2000000000000000e+05,1.0000000000000000e+00,1.2000000000000000e+05,1.2000000000000000e+05,0.0000000000000000e+00,
"2019","12.2009.","12.2009.02.03.14.","5.3.5.01.","01","10","DDS","Map","buah",1.2000000000000000e+01,2.5000000000000000e+03,3.0000000000000000e+04,1.2000000000000000e+01,2.5000000000000000e+03,3.0000000000000000e+04,0.0000000000000000e+00,
"2019","12.2009.","12.2009.02.03.14.","5.3.5.01.","01","11","DDS","Ballpoint","pak",1.0000000000000000e+00,3.0500000000000000e+04,3.0500000000000000e+04,1.0000000000000000e+00,3.0500000000000000e+04,3.0500000000000000e+04,0.0000000000000000e+00,
"2019","12.2009.","12.2009.02.03.14.","5.3.5.01.","01","12","DDS","Materai 6.000","buah",6.0000000000000000e+00,7.0000000000000000e+03,4.2000000000000000e+04,6.0000000000000000e+00,7.0000000000000000e+03,4.2000000000000000e+04,0.0000000000000000e+00,
"2019","12.2009.","12.2009.02.03.99.","5.3.4.02.","01","01","PBP","Pekerja (3 org X 20 hari)","hok",6.0000000000000000e+01,5.0000000000000000e+04,3.0000000000000000e+06,6.0000000000000000e+01,5.0000000000000000e+04,3.0000000000000000e+06,0.0000000000000000e+00,
"2019","12.2009.","12.2009.02.03.99.","5.3.4.02.","01","02","PBP","Tukang (2 Org X 20 hari)","hok",4.0000000000000000e+01,1.0000000000000000e+05,4.0000000000000000e+06,4.0000000000000000e+01,1.0000000000000000e+05,4.0000000000000000e+06,0.0000000000000000e+00,
"2019","12.2009.","12.2009.02.03.11.","5.3.5.02.","01","01","DDS","Tukang","hok",3.2200000000000000e+02,1.2500000000000000e+05,4.0250000000000000e+07,3.2200000000000000e+02,1.2500000000000000e+05,4.0250000000000000e+07,0.0000000000000000e+00,
"2019","12.2009.","12.2009.02.03.11.","5.3.5.02.","01","02","DDS","Pekerja","hok",1.1600000000000000e+03,1.0500000000000000e+05,1.2180000000000000e+08,1.1600000000000000e+03,1.0500000000000000e+05,1.2180000000000000e+08,0.0000000000000000e+00,
"2019","12.2009.","12.2009.02.03.11.","5.3.5.01.","01","01","DDS","Ketua TPK (1 org X 3 bulan)","ob",3.0000000000000000e+00,3.0000000000000000e+05,9.0000000000000000e+05,3.0000000000000000e+00,3.0000000000000000e+05,9.0000000000000000e+05,0.0000000000000000e+00,
"2019","12.2009.","12.2009.02.03.11.","5.3.5.01.","01","02","DDS","Sekretaris TPK (1 org X 3 bulan)","ob",3.0000000000000000e+00,2.5000000000000000e+05,7.5000000000000000e+05,3.0000000000000000e+00,2.5000000000000000e+05,7.5000000000000000e+05,0.0000000000000000e+00,
"2019","12.2009.","12.2009.02.03.11.","5.3.5.01.","01","03","DDS","Anggota TPK (1 org X 3 bulan)","ob",3.0000000000000000e+00,2.5000000000000000e+05,7.5000000000000000e+05,3.0000000000000000e+00,2.5000000000000000e+05,7.5000000000000000e+05,0.0000000000000000e+00,
"2019","12.2009.","12.2009.02.03.11.","5.3.5.01.","01","04","DDS","Ketua Pengawas (1 org X 3 bulan)","ob",3.0000000000000000e+00,3.0000000000000000e+05,9.0000000000000000e+05,3.0000000000000000e+00,3.0000000000000000e+05,9.0000000000000000e+05,0.0000000000000000e+00,
"2019","12.2009.","12.2009.02.03.11.","5.3.5.01.","01","05","DDS","Sekretaris Pengawas (1 org X 3 bulan)","ob",3.0000000000000000e+00,2.5000000000000000e+05,7.5000000000000000e+05,3.0000000000000000e+00,2.5000000000000000e+05,7.5000000000000000e+05,0.0000000000000000e+00,
"2019","12.2009.","12.2009.02.03.11.","5.3.5.01.","01","06","DDS","Anggota Pengawas (1 org X 3 bulan)","ob",3.0000000000000000e+00,2.5000000000000000e+05,7.5000000000000000e+05,3.0000000000000000e+00,2.5000000000000000e+05,7.5000000000000000e+05,0.0000000000000000e+00,
"2019","12.2009.","12.2009.02.03.11.","5.3.5.01.","01","07","DDS","Tim Verifikasi","Paket",1.0000000000000000e+00,3.0000000000000000e+05,3.0000000000000000e+05,1.0000000000000000e+00,3.0000000000000000e+05,3.0000000000000000e+05,0.0000000000000000e+00,
"2019","12.2009.","12.2009.02.03.14.","5.3.5.03.","01","01","DDS","Ember","buah",1.0000000000000000e+01,1.5000000000000000e+04,1.5000000000000000e+05,1.0000000000000000e+01,1.5000000000000000e+04,1.5000000000000000e+05,0.0000000000000000e+00,
"2019","12.2009.","12.2009.02.03.14.","5.3.5.03.","01","02","DDS","Pengki","buah",5.0000000000000000e+00,1.3000000000000000e+04,6.5000000000000000e+04,5.0000000000000000e+00,1.3000000000000000e+04,6.5000000000000000e+04,0.0000000000000000e+00,
"2019","12.2009.","12.2009.02.03.14.","5.3.5.01.","01","13","DDS","Photocopy","lembar",1.5000000000000000e+02,2.5000000000000000e+02,3.7500000000000000e+04,1.5000000000000000e+02,2.5000000000000000e+02,3.7500000000000000e+04,0.0000000000000000e+00,
"2019","12.2009.","12.2009.02.03.14.","5.3.5.01.","01","14","DDS","Papan Nama Kegiatan","Paket",1.0000000000000000e+00,2.5000000000000000e+05,2.5000000000000000e+05,1.0000000000000000e+00,2.5000000000000000e+05,2.5000000000000000e+05,0.0000000000000000e+00,
"2019","12.2009.","12.2009.02.03.14.","5.3.5.01.","01","15","DDS","Dokumentasi Kegiatan","paket",1.0000000000000000e+00,1.5000000000000000e+05,1.5000000000000000e+05,1.0000000000000000e+00,1.5000000000000000e+05,1.5000000000000000e+05,0.0000000000000000e+00,
"2019","12.2009.","12.2009.02.03.11.","5.3.5.04.","01","03","DDS","Stamper","hari",1.3000000000000000e+01,4.0000000000000000e+05,5.2000000000000000e+06,1.3000000000000000e+01,4.0000000000000000e+05,5.2000000000000000e+06,0.0000000000000000e+00,
"2019","12.2009.","12.2009.02.03.11.","5.3.5.01.","01","08","DDS","Kertas HVS","rim",2.0000000000000000e+00,6.0000000000000000e+04,1.2000000000000000e+05,2.0000000000000000e+00,6.0000000000000000e+04,1.2000000000000000e+05,0.0000000000000000e+00,
"2019","12.2009.","12.2009.02.03.11.","5.3.5.01.","01","09","DDS","Tinta Printer","botol",4.0000000000000000e+00,1.2000000000000000e+05,4.8000000000000000e+05,4.0000000000000000e+00,1.2000000000000000e+05,4.8000000000000000e+05,0.0000000000000000e+00,
"2019","12.2009.","12.2009.02.03.11.","5.3.5.01.","01","10","DDS","Map","buah",1.8000000000000000e+01,2.5000000000000000e+03,4.5000000000000000e+04,1.8000000000000000e+01,2.5000000000000000e+03,4.5000000000000000e+04,0.0000000000000000e+00,
"2019","12.2009.","12.2009.02.03.11.","5.3.5.01.","01","11","DDS","Ballpoint","pak",3.0000000000000000e+00,3.0500000000000000e+04,9.1500000000000000e+04,3.0000000000000000e+00,3.0500000000000000e+04,9.1500000000000000e+04,0.0000000000000000e+00,
"2019","12.2009.","12.2009.02.03.11.","5.3.5.01.","01","12","DDS","Flashdisk","unit",1.0000000000000000e+00,1.3500000000000000e+05,1.3500000000000000e+05,1.0000000000000000e+00,1.3500000000000000e+05,1.3500000000000000e+05,0.0000000000000000e+00,
"2019","12.2009.","12.2009.02.03.11.","5.3.5.01.","01","13","DDS","Materai 6.000","buah",4.5000000000000000e+01,7.0000000000000000e+03,3.1500000000000000e+05,4.5000000000000000e+01,7.0000000000000000e+03,3.1500000000000000e+05,0.0000000000000000e+00,
"2019","12.2009.","12.2009.02.03.11.","5.3.5.01.","01","14","DDS","Materai 3.000","buah",3.0000000000000000e+01,3.5000000000000000e+03,1.0500000000000000e+05,3.0000000000000000e+01,3.5000000000000000e+03,1.0500000000000000e+05,0.0000000000000000e+00,
"2019","12.2009.","12.2009.02.03.11.","5.3.5.01.","01","15","DDS","Photocopy","lembar",9.0000000000000000e+02,2.5000000000000000e+02,2.2500000000000000e+05,9.0000000000000000e+02,2.5000000000000000e+02,2.2500000000000000e+05,0.0000000000000000e+00,
"2019","12.2009.","12.2009.00.00.00.","4.2.2.01.","01","01","PBH","Bagi Hasil Pajak dan Restribusi Daerah","Tahun",1.0000000000000000e+00,4.7334710000000000e+08,4.7334710000000000e+08,1.0000000000000000e+00,4.7334710000000000e+08,4.7334710000000000e+08,0.0000000000000000e+00,
"2019","12.2009.","12.2009.02.02.04.","5.3.3.02.","01","01","PBH","Kendaraan Roda Empat (Ambulance Desa)","Unit",1.0000000000000000e+00,1.9988377000000000e+08,1.9988377000000000e+08,1.0000000000000000e+00,1.9988377000000000e+08,1.9988377000000000e+08,0.0000000000000000e+00,
"2019","12.2009.","12.2009.02.02.04.","5.3.3.01.","01","01","PBH","Honorarium Ketua Tim Pengadaan (1 Org)","OB",1.0000000000000000e+00,5.0000000000000000e+05,5.0000000000000000e+05,1.0000000000000000e+00,5.0000000000000000e+05,5.0000000000000000e+05,0.0000000000000000e+00,
"2019","12.2009.","12.2009.02.02.04.","5.3.3.01.","01","02","PBH","Honorarium Sekretaris Tim Pengadaan (1 Org)","Ob",1.0000000000000000e+00,4.0000000000000000e+05,4.0000000000000000e+05,1.0000000000000000e+00,4.0000000000000000e+05,4.0000000000000000e+05,0.0000000000000000e+00,
"2019","12.2009.","12.2009.02.02.04.","5.3.3.01.","01","03","PBH","Honorarium Anggota Tim Panitia (1 Org)","Ob",1.0000000000000000e+00,3.0000000000000000e+05,3.0000000000000000e+05,1.0000000000000000e+00,3.0000000000000000e+05,3.0000000000000000e+05,0.0000000000000000e+00,
"2019","12.2009.","12.2009.01.01.04.","5.2.1.01.","01","01","PBH","Kertas HVS","Rim",2.4000000000000000e+01,6.0000000000000000e+04,1.4400000000000000e+06,2.4000000000000000e+01,6.0000000000000000e+04,1.4400000000000000e+06,0.0000000000000000e+00,
"2019","12.2009.","12.2009.01.01.04.","5.2.1.01.","01","02","PBH","Tinta Printer Originil","Botol",1.2000000000000000e+01,1.0000000000000000e+05,1.2000000000000000e+06,1.2000000000000000e+01,1.0000000000000000e+05,1.2000000000000000e+06,0.0000000000000000e+00,
"2019","12.2009.","12.2009.01.01.04.","5.2.1.01.","01","03","PBH","Map","Buah",2.0000000000000000e+02,2.5000000000000000e+03,5.0000000000000000e+05,2.0000000000000000e+02,2.5000000000000000e+03,5.0000000000000000e+05,0.0000000000000000e+00,
"2019","12.2009.","12.2009.01.01.04.","5.2.1.01.","01","04","PBH","Flashdisk","Buah",7.0000000000000000e+00,2.0000000000000000e+05,1.4000000000000000e+06,7.0000000000000000e+00,2.0000000000000000e+05,1.4000000000000000e+06,0.0000000000000000e+00,
"2019","12.2009.","12.2009.01.01.04.","5.2.2.01.","01","01","PBH","Operasional PPKD (Sekretaris Desa)","Ob",1.2000000000000000e+01,5.0000000000000000e+05,6.0000000000000000e+06,1.2000000000000000e+01,5.0000000000000000e+05,6.0000000000000000e+06,0.0000000000000000e+00,
"2019","12.2009.","12.2009.01.01.04.","5.2.2.01.","01","02","PBH","Operasional PPKD (Bendahara Desa)","Ob",1.2000000000000000e+01,4.0000000000000000e+05,4.8000000000000000e+06,1.2000000000000000e+01,4.0000000000000000e+05,4.8000000000000000e+06,0.0000000000000000e+00,
"2019","12.2009.","12.2009.01.01.04.","5.2.1.01.","01","05","PBH","Materai Rp. 6.000,-","Bah",5.0000000000000000e+01,7.0000000000000000e+03,3.5000000000000000e+05,5.0000000000000000e+01,7.0000000000000000e+03,3.5000000000000000e+05,0.0000000000000000e+00,
"2019","12.2009.","12.2009.01.01.04.","5.2.1.01.","01","06","PBH","Materai Rp. 3.000,-","Buah",5.0000000000000000e+01,3.5000000000000000e+03,1.7500000000000000e+05,5.0000000000000000e+01,3.5000000000000000e+03,1.7500000000000000e+05,0.0000000000000000e+00,
"2019","12.2009.","12.2009.01.01.04.","5.2.1.01.","01","07","PBH","Balpoint","Pak",1.2000000000000000e+01,2.8500000000000000e+04,3.4200000000000000e+05,1.2000000000000000e+01,2.8500000000000000e+04,3.4200000000000000e+05,0.0000000000000000e+00,
"2019","12.2009.","12.2009.03.04.03.","5.2.1.01.","01","01","PBH","Buku Folio","Buah",2.0000000000000000e+01,3.0000000000000000e+04,6.0000000000000000e+05,2.0000000000000000e+01,3.0000000000000000e+04,6.0000000000000000e+05,0.0000000000000000e+00,
"2019","12.2009.","12.2009.02.03.14.","5.3.5.03.","01","03","DDS","Cangkul","unit",2.0000000000000000e+00,8.0000000000000000e+04,1.6000000000000000e+05,2.0000000000000000e+00,8.0000000000000000e+04,1.6000000000000000e+05,0.0000000000000000e+00,
"2019","12.2009.","12.2009.02.03.14.","5.3.5.03.","01","04","DDS","Garpu","unit",1.0000000000000000e+00,2.0000000000000000e+05,2.0000000000000000e+05,1.0000000000000000e+00,2.0000000000000000e+05,2.0000000000000000e+05,0.0000000000000000e+00,
"2019","12.2009.","12.2009.02.03.14.","5.3.5.03.","01","05","DDS","Benang","rol",5.0000000000000000e+00,5.0000000000000000e+03,2.5000000000000000e+04,5.0000000000000000e+00,5.0000000000000000e+03,2.5000000000000000e+04,0.0000000000000000e+00,
"2019","12.2009.","12.2009.02.03.14.","5.3.5.03.","01","06","DDS","Bambu","batang",1.0000000000000000e+01,2.0000000000000000e+04,2.0000000000000000e+05,1.0000000000000000e+01,2.0000000000000000e+04,2.0000000000000000e+05,0.0000000000000000e+00,
"2019","12.2009.","12.2009.02.03.14.","5.3.5.03.","01","07","DDS","Semen","zak",2.1000000000000000e+02,5.0000000000000000e+04,1.0500000000000000e+07,2.1000000000000000e+02,5.0000000000000000e+04,1.0500000000000000e+07,0.0000000000000000e+00,
"2019","12.2009.","12.2009.02.03.14.","5.3.5.03.","01","08","DDS","Pasir Pasang","m3",2.9000000000000000e+01,2.0000000000000000e+05,5.8000000000000000e+06,2.9000000000000000e+01,2.0000000000000000e+05,5.8000000000000000e+06,0.0000000000000000e+00,
"2019","12.2009.","12.2009.02.03.14.","5.3.5.03.","01","09","DDS","Batu Belah","m3",5.8000000000000000e+01,2.5560000000000000e+05,1.4824800000000000e+07,5.8000000000000000e+01,2.5560000000000000e+05,1.4824800000000000e+07,0.0000000000000000e+00,
"2019","12.2009.","12.2009.03.02.03.","5.2.1.09.","01","01","PBH","Kaos Peserta","pcs",5.0000000000000000e+01,8.5000000000000000e+04,4.2500000000000000e+06,5.0000000000000000e+01,8.5000000000000000e+04,4.2500000000000000e+06,0.0000000000000000e+00,
"2019","12.2009.","12.2009.01.01.06.","5.2.1.01.","01","03","PBH","Map","Buah",2.0000000000000000e+01,2.5000000000000000e+03,5.0000000000000000e+04,2.0000000000000000e+01,2.5000000000000000e+03,5.0000000000000000e+04,0.0000000000000000e+00,
"2019","12.2009.","12.2009.01.01.06.","5.2.1.01.","01","04","PBH","Flashdisk","Buah",1.0000000000000000e+00,1.3400000000000000e+05,1.3400000000000000e+05,1.0000000000000000e+00,1.3400000000000000e+05,1.3400000000000000e+05,0.0000000000000000e+00,
"2019","12.2009.","12.2009.01.01.06.","5.2.1.09.","01","01","PBH","Pakaian Seragam BPD","Stel",7.0000000000000000e+00,2.3500000000000000e+05,1.6450000000000000e+06,7.0000000000000000e+00,2.3500000000000000e+05,1.6450000000000000e+06,0.0000000000000000e+00,
"2019","12.2009.","12.2009.01.01.06.","5.2.1.01.","01","05","PBH","Ballpoint","Pak",6.0000000000000000e+00,2.8500000000000000e+04,1.7100000000000000e+05,6.0000000000000000e+00,2.8500000000000000e+04,1.7100000000000000e+05,0.0000000000000000e+00,
"2019","12.2009.","12.2009.03.04.03.","5.2.1.01.","01","02","PBH","Spidol","Pack",1.0000000000000000e+00,7.6000000000000000e+04,7.6000000000000000e+04,1.0000000000000000e+00,7.6000000000000000e+04,7.6000000000000000e+04,0.0000000000000000e+00,
"2019","12.2009.","12.2009.03.04.03.","5.2.1.01.","01","03","PBH","Ballpoint","Pack",4.0000000000000000e+00,4.0000000000000000e+04,1.6000000000000000e+05,4.0000000000000000e+00,4.0000000000000000e+04,1.6000000000000000e+05,0.0000000000000000e+00,
"2019","12.2009.","12.2009.03.04.03.","5.2.1.01.","01","04","PBH","Pensil","Pack",3.0000000000000000e+00,4.0000000000000000e+04,1.2000000000000000e+05,3.0000000000000000e+00,4.0000000000000000e+04,1.2000000000000000e+05,0.0000000000000000e+00,
"2019","12.2009.","12.2009.03.04.03.","5.2.1.01.","01","05","PBH","Penghapus","Pack",2.0000000000000000e+00,2.2000000000000000e+04,4.4000000000000000e+04,2.0000000000000000e+00,2.2000000000000000e+04,4.4000000000000000e+04,0.0000000000000000e+00,
"2019","12.2009.","12.2009.03.04.03.","5.2.1.09.","01","01","PBH","Seragam TP PKK Desa","Stel",2.0000000000000000e+01,3.0000000000000000e+05,6.0000000000000000e+06,2.0000000000000000e+01,3.0000000000000000e+05,6.0000000000000000e+06,0.0000000000000000e+00,
"2019","12.2009.","12.2009.02.02.09.","5.2.1.09.","01","01","PBH","Seragam Petugas Posyandu","Stel",4.0000000000000000e+01,3.0000000000000000e+05,1.2000000000000000e+07,4.0000000000000000e+01,3.0000000000000000e+05,1.2000000000000000e+07,0.0000000000000000e+00,
"2019","12.2009.","12.2009.03.02.99.","5.2.4.02.","01","01","PAD","Tenda dan Soundsystem","Paket",4.0000000000000000e+00,1.5000000000000000e+06,6.0000000000000000e+06,4.0000000000000000e+00,1.5000000000000000e+06,6.0000000000000000e+06,0.0000000000000000e+00,
"2019","12.2009.","12.2009.03.02.99.","5.2.7.04.","01","01","PAD","Santunan Anak Yatim","Ob",5.0000000000000000e+01,8.0000000000000000e+04,4.0000000000000000e+06,5.0000000000000000e+01,8.0000000000000000e+04,4.0000000000000000e+06,0.0000000000000000e+00,
"2019","12.2009.","12.2009.03.03.06.","5.2.2.99.","01","01","PBH","Honorarium Ketua (1 Org)","Ob",1.0000000000000000e+00,5.5000000000000000e+05,5.5000000000000000e+05,1.0000000000000000e+00,5.5000000000000000e+05,5.5000000000000000e+05,0.0000000000000000e+00,
"2019","12.2009.","12.2009.03.03.06.","5.2.2.99.","01","02","PBH","Honorarium Wakil Ketua (1 Org)","Ob",1.0000000000000000e+00,4.5000000000000000e+05,4.5000000000000000e+05,1.0000000000000000e+00,4.5000000000000000e+05,4.5000000000000000e+05,0.0000000000000000e+00,
"2019","12.2009.","12.2009.03.03.06.","5.2.2.99.","01","03","PBH","Honorarium Sekretaris (1 Org)","Ob",1.0000000000000000e+00,4.0000000000000000e+05,4.0000000000000000e+05,1.0000000000000000e+00,4.0000000000000000e+05,4.0000000000000000e+05,0.0000000000000000e+00,
"2019","12.2009.","12.2009.03.03.06.","5.2.2.99.","01","04","PBH","Honorarium Anggota (7 Org)","Ob",7.0000000000000000e+00,3.0000000000000000e+05,2.1000000000000000e+06,7.0000000000000000e+00,3.0000000000000000e+05,2.1000000000000000e+06,0.0000000000000000e+00,
"2019","12.2009.","12.2009.01.02.01.","5.3.2.02.","01","01","PBH","Air Conditioner","Unit",1.0000000000000000e+00,3.0000000000000000e+06,3.0000000000000000e+06,1.0000000000000000e+00,3.0000000000000000e+06,3.0000000000000000e+06,0.0000000000000000e+00,
"2019","12.2009.","12.2009.01.01.04.","5.2.1.01.","01","08","PBH","Tip-Ex","Buah",1.2000000000000000e+01,7.5000000000000000e+03,9.0000000000000000e+04,1.2000000000000000e+01,7.5000000000000000e+03,9.0000000000000000e+04,0.0000000000000000e+00,
"2019","12.2009.","12.2009.01.01.04.","5.2.1.01.","01","09","PBH","Hecter","Buah",1.0000000000000000e+01,1.5000000000000000e+04,1.5000000000000000e+05,1.0000000000000000e+01,1.5000000000000000e+04,1.5000000000000000e+05,0.0000000000000000e+00,
"2019","12.2009.","12.2009.01.01.04.","5.2.1.01.","01","10","PBH","Isi Hecter","pak",1.0000000000000000e+00,3.8332000000000000e+04,3.8332000000000000e+04,1.0000000000000000e+00,3.8332000000000000e+04,3.8332000000000000e+04,0.0000000000000000e+00,
"2019","12.2009.","12.2009.01.01.04.","5.2.1.09.","01","01","PBH","Seragam CV","Stel",1.1000000000000000e+01,4.5000000000000000e+05,4.9500000000000000e+06,1.1000000000000000e+01,4.5000000000000000e+05,4.9500000000000000e+06,0.0000000000000000e+00,
"2019","12.2009.","12.2009.03.02.03.","5.2.1.91.","01","01","PBH","Transport Peserta","Orang",5.0000000000000000e+01,7.0000000000000000e+04,3.5000000000000000e+06,5.0000000000000000e+01,7.0000000000000000e+04,3.5000000000000000e+06,0.0000000000000000e+00,
"2019","12.2009.","12.2009.03.02.03.","5.2.4.03.","01","01","PBH","Kendaraan Roda Empat","Unit",4.0000000000000000e+00,2.5000000000000000e+05,1.0000000000000000e+06,4.0000000000000000e+00,2.5000000000000000e+05,1.0000000000000000e+06,0.0000000000000000e+00,
"2019","12.2009.","12.2009.03.02.03.","5.2.7.01.","01","01","PBH","Awug untuk peserta","buah",5.0000000000000000e+01,7.5000000000000000e+04,3.7500000000000000e+06,5.0000000000000000e+01,7.5000000000000000e+04,3.7500000000000000e+06,0.0000000000000000e+00,
"2019","12.2009.","12.2009.01.02.01.","5.3.2.02.","01","03","PBH","Televisi LED 45 Inc","Unit",1.0000000000000000e+00,5.0000000000000000e+06,5.0000000000000000e+06,1.0000000000000000e+00,5.0000000000000000e+06,5.0000000000000000e+06,0.0000000000000000e+00,
"2019","12.2009.","12.2009.01.02.01.","5.3.2.03.","01","01","PBH","Projector","Unit",1.0000000000000000e+00,7.0000000000000000e+06,7.0000000000000000e+06,1.0000000000000000e+00,7.0000000000000000e+06,7.0000000000000000e+06,0.0000000000000000e+00,
"2019","12.2009.","12.2009.01.02.01.","5.3.2.03.","01","02","PBH","Notebook/Laptop","Unit",7.0000000000000000e+00,6.5000000000000000e+06,4.5500000000000000e+07,7.0000000000000000e+00,6.5000000000000000e+06,4.5500000000000000e+07,0.0000000000000000e+00,
"2019","12.2009.","12.2009.01.02.01.","5.3.2.03.","01","03","PBH","Komputer PC","Unit",1.0000000000000000e+00,1.0527998000000000e+07,1.0527998000000000e+07,1.0000000000000000e+00,1.0527998000000000e+07,1.0527998000000000e+07,0.0000000000000000e+00,
"2019","12.2009.","12.2009.01.02.01.","5.3.2.03.","01","04","PBH","Printer","Unit",2.0000000000000000e+00,3.0000000000000000e+06,6.0000000000000000e+06,2.0000000000000000e+00,3.0000000000000000e+06,6.0000000000000000e+06,0.0000000000000000e+00,
"2019","12.2009.","12.2009.01.02.01.","5.3.2.04.","01","01","PBH","Kursi Sofa","Unit",4.0000000000000000e+00,2.5000000000000000e+06,1.0000000000000000e+07,4.0000000000000000e+00,2.5000000000000000e+06,1.0000000000000000e+07,0.0000000000000000e+00,
"2019","12.2009.","12.2009.01.02.01.","5.3.2.04.","01","02","PBH","Kursi Kerja","Unit",2.0000000000000000e+01,3.0000000000000000e+05,6.0000000000000000e+06,2.0000000000000000e+01,3.0000000000000000e+05,6.0000000000000000e+06,0.0000000000000000e+00,
"2019","12.2009.","12.2009.01.02.01.","5.3.2.04.","01","03","PBH","Kursi Rapat (Plastik)","unit",1.0000000000000000e+02,8.0000000000000000e+04,8.0000000000000000e+06,1.0000000000000000e+02,8.0000000000000000e+04,8.0000000000000000e+06,0.0000000000000000e+00,
"2019","12.2009.","12.2009.01.02.01.","5.3.2.04.","01","04","PBH","Meja Panjang Seminar ","Unit",2.0000000000000000e+00,3.5000000000000000e+06,7.0000000000000000e+06,2.0000000000000000e+00,3.5000000000000000e+06,7.0000000000000000e+06,0.0000000000000000e+00,
"2019","12.2009.","12.2009.02.03.15.","5.3.4.02.","01","01","PBH","Tukang (1 Org x 5 Hari)","HOK",5.0000000000000000e+00,1.2000000000000000e+05,6.0000000000000000e+05,5.0000000000000000e+00,1.2000000000000000e+05,6.0000000000000000e+05,0.0000000000000000e+00,
"2019","12.2009.","12.2009.02.03.15.","5.3.4.02.","01","02","PBH","Pekerja (2 Org x 5 Hari)","HOK",1.0000000000000000e+01,1.0000000000000000e+05,1.0000000000000000e+06,1.0000000000000000e+01,1.0000000000000000e+05,1.0000000000000000e+06,0.0000000000000000e+00,
"2019","12.2009.","12.2009.02.03.15.","5.3.4.01.","01","01","PBH","Ketu Tim TPK (1 Org)","Ob",1.0000000000000000e+00,2.0000000000000000e+05,2.0000000000000000e+05,1.0000000000000000e+00,2.0000000000000000e+05,2.0000000000000000e+05,0.0000000000000000e+00,
"2019","12.2009.","12.2009.02.03.15.","5.3.4.01.","01","02","PBH","Sekretaris Tim TPK (1 org)","Ob",1.0000000000000000e+00,1.5000000000000000e+05,1.5000000000000000e+05,1.0000000000000000e+00,1.5000000000000000e+05,1.5000000000000000e+05,0.0000000000000000e+00,
"2019","12.2009.","12.2009.02.03.15.","5.3.4.01.","01","03","PBH","Anggota Tim TPK (1 org)","Ob",1.0000000000000000e+00,1.0000000000000000e+05,1.0000000000000000e+05,1.0000000000000000e+00,1.0000000000000000e+05,1.0000000000000000e+05,0.0000000000000000e+00,
"2019","12.2009.","12.2009.02.03.15.","5.3.4.03.","01","01","PBH","Main Truss C 75/0,75","Batang",6.9000000000000000e+01,8.5000000000000000e+04,5.8650000000000000e+06,6.9000000000000000e+01,8.5000000000000000e+04,5.8650000000000000e+06,0.0000000000000000e+00,
"2019","12.2009.","12.2009.02.03.15.","5.3.4.03.","01","02","PBH","Roof Bottom/Reng 33/0,45","Meter",3.1000000000000000e+01,3.5000000000000000e+04,1.0850000000000000e+06,3.1000000000000000e+01,3.5000000000000000e+04,1.0850000000000000e+06,0.0000000000000000e+00,
"2019","12.2009.","12.2009.02.03.15.","5.3.4.03.","01","03","PBH","Screww Drilling (Truss) dia. 6","Dus",1.0000000000000000e+00,3.0000000000000000e+05,3.0000000000000000e+05,1.0000000000000000e+00,3.0000000000000000e+05,3.0000000000000000e+05,0.0000000000000000e+00,
"2019","12.2009.","12.2009.02.03.15.","5.3.4.03.","01","04","PBH","Screww Drilling (Root Batten) Dia. 4","Dus",1.0000000000000000e+00,3.0000000000000000e+05,3.0000000000000000e+05,1.0000000000000000e+00,3.0000000000000000e+05,3.0000000000000000e+05,0.0000000000000000e+00,
"2019","12.2009.","12.2009.02.03.15.","5.3.4.03.","01","05","PBH","Dinabolt Dia 12","Butir",3.4000000000000000e+01,5.0000000000000000e+03,1.7000000000000000e+05,3.4000000000000000e+01,5.0000000000000000e+03,1.7000000000000000e+05,0.0000000000000000e+00,
"2019","12.2009.","12.2009.02.03.15.","5.3.4.03.","01","06","PBH","Genteng Metal Roof","Lembar",7.2000000000000000e+01,4.0000000000000000e+04,2.8800000000000000e+06,7.2000000000000000e+01,4.0000000000000000e+04,2.8800000000000000e+06,0.0000000000000000e+00,
"2019","12.2009.","12.2009.02.03.15.","5.3.4.03.","01","07","PBH","Paku Skrup","Dus",1.0000000000000000e+00,3.0000000000000000e+05,3.0000000000000000e+05,1.0000000000000000e+00,3.0000000000000000e+05,3.0000000000000000e+05,0.0000000000000000e+00,
"2019","12.2009.","12.2009.02.03.15.","5.3.4.03.","01","08","PBH","Pving Block","m2",6.0000000000000000e+01,8.0000000000000000e+04,4.8000000000000000e+06,6.0000000000000000e+01,8.0000000000000000e+04,4.8000000000000000e+06,0.0000000000000000e+00,
"2019","12.2009.","12.2009.02.03.15.","5.3.4.03.","01","09","PBH","Pasir Urug","m3",2.0000000000000000e+00,1.5000000000000000e+05,3.0000000000000000e+05,2.0000000000000000e+00,1.5000000000000000e+05,3.0000000000000000e+05,0.0000000000000000e+00,
"2019","12.2009.","12.2009.01.01.04.","5.2.1.09.","01","02","PBH","Seragam Batik","Stel",1.1000000000000000e+01,2.5000000000000000e+05,2.7500000000000000e+06,1.1000000000000000e+01,2.5000000000000000e+05,2.7500000000000000e+06,0.0000000000000000e+00,
"2019","12.2009.","12.2009.01.01.04.","5.2.1.09.","01","03","PBH","Seragam Pangsi (Daerah)","Stel",1.1000000000000000e+01,2.5000000000000000e+05,2.7500000000000000e+06,1.1000000000000000e+01,2.5000000000000000e+05,2.7500000000000000e+06,0.0000000000000000e+00,
"2019","12.2009.","12.2009.01.01.04.","5.2.1.09.","01","04","PBH","Seragam Rt Rw","Stel",3.9000000000000000e+01,2.0000000000000000e+05,7.8000000000000000e+06,3.9000000000000000e+01,2.0000000000000000e+05,7.8000000000000000e+06,0.0000000000000000e+00,
"2019","12.2009.","12.2009.01.01.04.","5.2.1.09.","01","05","PBH","Pakaian Olah Raga (Training)","Stel",1.1000000000000000e+01,2.5000000000000000e+05,2.7500000000000000e+06,1.1000000000000000e+01,2.5000000000000000e+05,2.7500000000000000e+06,0.0000000000000000e+00,
"2019","12.2009.","12.2009.01.01.04.","5.2.1.09.","01","06","PBH","Seragam Hansip","Stel",1.5000000000000000e+01,8.0000000000000000e+05,1.2000000000000000e+07,1.5000000000000000e+01,8.0000000000000000e+05,1.2000000000000000e+07,0.0000000000000000e+00,
"2019","12.2009.","12.2009.01.01.04.","5.2.5.01.","01","01","PBH","Belanja Tagihan Listrik","Bulan",1.2000000000000000e+01,3.5000000000000000e+05,4.2000000000000000e+06,1.2000000000000000e+01,3.5000000000000000e+05,4.2000000000000000e+06,0.0000000000000000e+00,
"2019","12.2009.","12.2009.03.04.03.","5.2.1.09.","01","02","PBH","Training","Stel",2.0000000000000000e+01,2.5000000000000000e+05,5.0000000000000000e+06,2.0000000000000000e+01,2.5000000000000000e+05,5.0000000000000000e+06,0.0000000000000000e+00,
"2019","12.2009.","12.2009.02.02.09.","5.2.1.09.","01","02","PBH","Traning","Stel",4.0000000000000000e+01,2.5000000000000000e+05,1.0000000000000000e+07,4.0000000000000000e+01,2.5000000000000000e+05,1.0000000000000000e+07,0.0000000000000000e+00,
"2019","12.2009.","12.2009.01.02.01.","5.3.2.02.","01","04","PBH","Sound System Ruangan","Paket",1.0000000000000000e+00,1.5000000000000000e+07,1.5000000000000000e+07,1.0000000000000000e+00,1.5000000000000000e+07,1.5000000000000000e+07,0.0000000000000000e+00,
"2019","12.2009.","12.2009.01.02.01.","5.3.2.02.","01","05","PBH","Kipas Angin Air Cooler","Unit",4.0000000000000000e+00,5.0000000000000000e+06,2.0000000000000000e+07,4.0000000000000000e+00,5.0000000000000000e+06,2.0000000000000000e+07,0.0000000000000000e+00,
"2019","12.2009.","12.2009.01.02.01.","5.3.2.02.","01","06","PBH","Dispenser Galon Bawah","Unit",1.0000000000000000e+00,3.0000000000000000e+06,3.0000000000000000e+06,1.0000000000000000e+00,3.0000000000000000e+06,3.0000000000000000e+06,0.0000000000000000e+00,
"2019","12.2009.","12.2009.02.03.14.","5.3.5.02.","01","01","DDS","Tukang (5 org X 15 hari)","hok",7.5000000000000000e+01,1.2000000000000000e+05,9.0000000000000000e+06,7.5000000000000000e+01,1.2000000000000000e+05,9.0000000000000000e+06,0.0000000000000000e+00,
"2019","12.2009.","12.2009.02.03.14.","5.3.5.02.","01","02","DDS","Pekerja (10 org X 15 hari)","hok",1.5000000000000000e+02,1.0000000000000000e+05,1.5000000000000000e+07,1.5000000000000000e+02,1.0000000000000000e+05,1.5000000000000000e+07,0.0000000000000000e+00,
"2019","12.2009.","12.2009.02.03.14.","5.3.5.01.","01","01","DDS","Ketua TPK (1 org X 1 Bulan)","ob",1.0000000000000000e+00,2.5000000000000000e+05,2.5000000000000000e+05,1.0000000000000000e+00,2.5000000000000000e+05,2.5000000000000000e+05,0.0000000000000000e+00,
"2019","12.2009.","12.2009.02.03.14.","5.3.5.01.","01","02","DDS","Sekretaris TPK (1 org X 1 Bulan)","ob",1.0000000000000000e+00,2.0000000000000000e+05,2.0000000000000000e+05,1.0000000000000000e+00,2.0000000000000000e+05,2.0000000000000000e+05,0.0000000000000000e+00,
"2019","12.2009.","12.2009.02.03.14.","5.3.5.01.","01","03","DDS","Anggota TPK (1 org X 1 Bulan)","ob",1.0000000000000000e+00,2.0000000000000000e+05,2.0000000000000000e+05,1.0000000000000000e+00,2.0000000000000000e+05,2.0000000000000000e+05,0.0000000000000000e+00,
"2019","12.2009.","12.2009.02.03.14.","5.3.5.01.","01","04","DDS","Ketua Pengawas (1 org X 1 Bulan)","ob",1.0000000000000000e+00,2.5000000000000000e+05,2.5000000000000000e+05,1.0000000000000000e+00,2.5000000000000000e+05,2.5000000000000000e+05,0.0000000000000000e+00,
"2019","12.2009.","12.2009.02.03.14.","5.3.5.01.","01","05","DDS","Sekretaris Pengawas (1 org X 1 Bulan)","ob",1.0000000000000000e+00,2.0000000000000000e+05,2.0000000000000000e+05,1.0000000000000000e+00,2.0000000000000000e+05,2.0000000000000000e+05,0.0000000000000000e+00,
"2019","12.2009.","12.2009.02.03.14.","5.3.5.01.","01","06","DDS","Anggota Pengawas (1 org X 1 Bulan)","ob",1.0000000000000000e+00,2.0000000000000000e+05,2.0000000000000000e+05,1.0000000000000000e+00,2.0000000000000000e+05,2.0000000000000000e+05,0.0000000000000000e+00,
"2019","12.2009.","12.2009.02.03.14.","5.3.5.01.","01","07","DDS","Tim Verifikasi","Paket",1.0000000000000000e+00,3.0000000000000000e+05,3.0000000000000000e+05,1.0000000000000000e+00,3.0000000000000000e+05,3.0000000000000000e+05,0.0000000000000000e+00,
"2019","12.2009.","12.2009.02.03.14.","5.3.5.03.","01","10","DDS","Pemberesan Bekas Pekerjaan","Ls",1.0000000000000000e+00,5.0000000000000000e+05,5.0000000000000000e+05,1.0000000000000000e+00,5.0000000000000000e+05,5.0000000000000000e+05,0.0000000000000000e+00,
"2019","12.2009.","12.2009.02.03.14.","5.3.5.03.","01","11","DDS","Pek Pembuatan Tugu Prasasti","paket",1.0000000000000000e+00,3.5000000000000000e+05,3.5000000000000000e+05,1.0000000000000000e+00,3.5000000000000000e+05,3.5000000000000000e+05,0.0000000000000000e+00,
"2019","12.2009.","12.2009.02.03.11.","5.3.5.01.","01","16","DDS","Cetak Laporan","paket",3.0000000000000000e+00,1.7000000000000000e+05,5.1000000000000000e+05,3.0000000000000000e+00,1.7000000000000000e+05,5.1000000000000000e+05,0.0000000000000000e+00,
"2019","12.2009.","12.2009.02.03.14.","5.3.5.04.","01","01","DDS","Sewa Alat Kerja Roda (1 unit X 15 hari)","huk",1.5000000000000000e+01,3.5000000000000000e+04,5.2500000000000000e+05,1.5000000000000000e+01,3.5000000000000000e+04,5.2500000000000000e+05,0.0000000000000000e+00,
"2019","12.2009.","12.2009.02.03.14.","5.3.5.04.","01","02","DDS","Jasa Angkut Material","hari",1.5000000000000000e+01,1.0000000000000000e+05,1.5000000000000000e+06,1.5000000000000000e+01,1.0000000000000000e+05,1.5000000000000000e+06,0.0000000000000000e+00,
"2019","12.2009.","12.2009.04.03.03.","5.2.2.01.","01","01","DDS","Ketua Pelaksana","ob",1.0000000000000000e+00,2.5000000000000000e+05,2.5000000000000000e+05,1.0000000000000000e+00,2.5000000000000000e+05,2.5000000000000000e+05,0.0000000000000000e+00,
"2019","12.2009.","12.2009.02.02.02.","5.2.2.05.","01","01","DDS","Ketua Posyandu Mawar 1 (1 org X 1 bln)","ob",1.0000000000000000e+00,5.0000000000000000e+05,5.0000000000000000e+05,1.0000000000000000e+00,5.0000000000000000e+05,5.0000000000000000e+05,0.0000000000000000e+00,
"2019","12.2009.","12.2009.04.03.03.","5.2.2.04.","01","01","DDS","Narasumber","Ls",4.0000000000000000e+00,5.0000000000000000e+05,2.0000000000000000e+06,4.0000000000000000e+00,5.0000000000000000e+05,2.0000000000000000e+06,0.0000000000000000e+00,
"2019","12.2009.","12.2009.04.03.03.","5.2.1.09.","01","01","DDS","Kaos","buah",7.0000000000000000e+00,1.5000000000000000e+05,1.0500000000000000e+06,7.0000000000000000e+00,1.5000000000000000e+05,1.0500000000000000e+06,0.0000000000000000e+00,
"2019","12.2009.","12.2009.02.03.11.","5.3.5.01.","01","17","DDS","Papan Nama Kegiatan","paket",3.0000000000000000e+00,2.4900000000000000e+05,7.4700000000000000e+05,3.0000000000000000e+00,2.4900000000000000e+05,7.4700000000000000e+05,0.0000000000000000e+00,
"2019","12.2009.","12.2009.02.03.11.","5.3.5.01.","01","18","DDS","Dokumentasi Kegiatan","paket",3.0000000000000000e+00,1.9070000000000000e+05,5.7210000000000000e+05,3.0000000000000000e+00,1.9070000000000000e+05,5.7210000000000000e+05,0.0000000000000000e+00,
"2019","12.2009.","12.2009.02.03.11.","5.3.5.03.","01","01","DDS","Ember","buah",3.9000000000000000e+01,1.5000000000000000e+04,5.8500000000000000e+05,3.9000000000000000e+01,1.5000000000000000e+04,5.8500000000000000e+05,0.0000000000000000e+00,
"2019","12.2009.","12.2009.02.03.11.","5.3.5.03.","01","02","DDS","Pengki","buah",2.6000000000000000e+01,1.6000000000000000e+04,4.1600000000000000e+05,2.6000000000000000e+01,1.6000000000000000e+04,4.1600000000000000e+05,0.0000000000000000e+00,
"2019","12.2009.","12.2009.02.03.11.","5.3.5.03.","01","03","DDS","Cangkul","unit",6.0000000000000000e+00,8.0000000000000000e+04,4.8000000000000000e+05,6.0000000000000000e+00,8.0000000000000000e+04,4.8000000000000000e+05,0.0000000000000000e+00,
"2019","12.2009.","12.2009.02.03.11.","5.3.5.03.","01","04","DDS","Sengkup","unit",6.0000000000000000e+00,9.0000000000000000e+04,5.4000000000000000e+05,6.0000000000000000e+00,9.0000000000000000e+04,5.4000000000000000e+05,0.0000000000000000e+00,
"2019","12.2009.","12.2009.02.03.11.","5.3.5.03.","01","05","DDS","Kaso","batang",2.6000000000000000e+01,1.8000000000000000e+04,4.6800000000000000e+05,2.6000000000000000e+01,1.8000000000000000e+04,4.6800000000000000e+05,0.0000000000000000e+00,
"2019","12.2009.","12.2009.02.03.11.","5.3.5.03.","01","06","DDS","Benang","rol",3.7000000000000000e+01,5.0000000000000000e+03,1.8500000000000000e+05,3.7000000000000000e+01,5.0000000000000000e+03,1.8500000000000000e+05,0.0000000000000000e+00,
"2019","12.2009.","12.2009.02.03.11.","5.3.5.03.","01","07","DDS","Semen Portland","zak",4.4070000000000000e+03,5.0000000000000000e+04,2.2035000000000000e+08,4.4070000000000000e+03,5.0000000000000000e+04,2.2035000000000000e+08,0.0000000000000000e+00,
"2019","12.2009.","12.2009.02.03.11.","5.3.5.03.","01","08","DDS","Pasir Beton","m3",2.3900000000000000e+02,2.6000000000000000e+05,6.2140000000000000e+07,2.3900000000000000e+02,2.6000000000000000e+05,6.2140000000000000e+07,0.0000000000000000e+00,
"2019","12.2009.","12.2009.02.03.11.","5.3.5.03.","01","09","DDS","Koral Beton","m3",3.6900000000000000e+02,2.6000000000000000e+05,9.5940000000000000e+07,3.6900000000000000e+02,2.6000000000000000e+05,9.5940000000000000e+07,0.0000000000000000e+00,
"2019","12.2009.","12.2009.02.03.11.","5.3.5.03.","01","10","DDS","Kayu Papan Kelas III","m3",8.0000000000000000e+00,1.8330000000000000e+06,1.4664000000000000e+07,8.0000000000000000e+00,1.8330000000000000e+06,1.4664000000000000e+07,0.0000000000000000e+00,
"2019","12.2009.","12.2009.02.03.11.","5.3.5.03.","01","11","DDS","Paku Biasa 2""-5""","kg",7.8000000000000000e+01,1.5000000000000000e+04,1.1700000000000000e+06,7.8000000000000000e+01,1.5000000000000000e+04,1.1700000000000000e+06,0.0000000000000000e+00,
"2019","12.2009.","12.2009.02.03.11.","5.3.5.03.","01","12","DDS","Minyak Bikesting","liter",2.6000000000000000e+01,1.5000000000000000e+04,3.9000000000000000e+05,2.6000000000000000e+01,1.5000000000000000e+04,3.9000000000000000e+05,0.0000000000000000e+00,
"2019","12.2009.","12.2009.02.03.11.","5.3.5.03.","01","13","DDS","Batu Belah 1-2 cm","m3",1.6000000000000000e+02,2.7000000000000000e+05,4.3200000000000000e+07,1.6000000000000000e+02,2.7000000000000000e+05,4.3200000000000000e+07,0.0000000000000000e+00,
"2019","12.2009.","12.2009.02.03.11.","5.3.5.03.","01","14","DDS","Batu Pecah makadam 5/7","m3",1.3800000000000000e+02,2.5500000000000000e+05,3.5190000000000000e+07,1.3800000000000000e+02,2.5500000000000000e+05,3.5190000000000000e+07,0.0000000000000000e+00,
"2019","12.2009.","12.2009.02.03.11.","5.3.5.03.","01","15","DDS","Pasir Urug","m3",5.3000000000000000e+01,2.6000000000000000e+05,1.3780000000000000e+07,5.3000000000000000e+01,2.6000000000000000e+05,1.3780000000000000e+07,0.0000000000000000e+00,
"2019","12.2009.","12.2009.04.03.03.","5.2.1.06.","01","01","DDS","Makan dan Minum Peserta","dus",7.0000000000000000e+00,3.5000000000000000e+04,2.4500000000000000e+05,7.0000000000000000e+00,3.5000000000000000e+04,2.4500000000000000e+05,0.0000000000000000e+00,
"2019","12.2009.","12.2009.04.03.03.","5.2.1.06.","01","02","DDS","Snack Peserta","dus",7.0000000000000000e+00,1.5000000000000000e+04,1.0500000000000000e+05,7.0000000000000000e+00,1.5000000000000000e+04,1.0500000000000000e+05,0.0000000000000000e+00,
"2019","12.2009.","12.2009.04.03.03.","5.2.1.01.","01","01","DDS","Block Note","buah",7.0000000000000000e+00,1.5000000000000000e+04,1.0500000000000000e+05,7.0000000000000000e+00,1.5000000000000000e+04,1.0500000000000000e+05,0.0000000000000000e+00,
"2019","12.2009.","12.2009.04.03.03.","5.2.1.01.","01","02","DDS","Ballpoint","buah",7.0000000000000000e+00,5.0000000000000000e+03,3.5000000000000000e+04,7.0000000000000000e+00,5.0000000000000000e+03,3.5000000000000000e+04,0.0000000000000000e+00,
"2019","12.2009.","12.2009.04.03.03.","5.2.1.05.","01","01","DDS","Pencetakan Foto Kegiatan","paket",1.0000000000000000e+00,1.5000000000000000e+05,1.5000000000000000e+05,1.0000000000000000e+00,1.5000000000000000e+05,1.5000000000000000e+05,0.0000000000000000e+00,
"2019","12.2009.","12.2009.04.03.03.","5.2.1.05.","01","02","DDS","Module Kegiatan","buah",7.0000000000000000e+00,2.5000000000000000e+04,1.7500000000000000e+05,7.0000000000000000e+00,2.5000000000000000e+04,1.7500000000000000e+05,0.0000000000000000e+00,
"2019","12.2009.","12.2009.01.03.02.","5.2.2.01.","01","01","DDS","Penanggungjawab","ob",6.0000000000000000e+00,3.5000000000000000e+05,2.1000000000000000e+06,6.0000000000000000e+00,3.5000000000000000e+05,2.1000000000000000e+06,0.0000000000000000e+00,
"2019","12.2009.","12.2009.01.03.02.","5.2.2.01.","01","02","DDS","Ketua","ob",6.0000000000000000e+00,3.0000000000000000e+05,1.8000000000000000e+06,6.0000000000000000e+00,3.0000000000000000e+05,1.8000000000000000e+06,0.0000000000000000e+00,
"2019","12.2009.","12.2009.01.03.02.","5.2.2.01.","01","03","DDS","Sekretaris","ob",6.0000000000000000e+00,2.5000000000000000e+05,1.5000000000000000e+06,6.0000000000000000e+00,2.5000000000000000e+05,1.5000000000000000e+06,0.0000000000000000e+00,
"2019","12.2009.","12.2009.01.03.02.","5.2.2.01.","01","04","DDS","Anggota (8 org X 6 bln)","ob",4.8000000000000000e+01,2.0000000000000000e+05,9.6000000000000000e+06,4.8000000000000000e+01,2.0000000000000000e+05,9.6000000000000000e+06,0.0000000000000000e+00,
"2019","12.2009.","12.2009.04.03.03.","5.2.1.09.","01","02","DDS","Topi","buah",7.0000000000000000e+00,7.5000000000000000e+04,5.2500000000000000e+05,7.0000000000000000e+00,7.5000000000000000e+04,5.2500000000000000e+05,0.0000000000000000e+00,
"2019","12.2009.","12.2009.04.03.03.","5.2.2.99.","01","01","DDS","Pengganti Tranport Peserta","orang",7.0000000000000000e+00,1.5000000000000000e+05,1.0500000000000000e+06,7.0000000000000000e+00,1.5000000000000000e+05,1.0500000000000000e+06,0.0000000000000000e+00,
"2019","12.2009.","12.2009.02.02.02.","5.2.2.05.","01","02","DDS","Sekretaris Posyandu Mawar 1 (1 org X 1 bln)","ob",1.0000000000000000e+00,4.5000000000000000e+05,4.5000000000000000e+05,1.0000000000000000e+00,4.5000000000000000e+05,4.5000000000000000e+05,0.0000000000000000e+00,
"2019","12.2009.","12.2009.02.02.02.","5.2.2.05.","01","03","DDS","Bendahara Posyandu Mawar 1 (1 org X 1 bln)","ob",1.0000000000000000e+00,4.0000000000000000e+05,4.0000000000000000e+05,1.0000000000000000e+00,4.0000000000000000e+05,4.0000000000000000e+05,0.0000000000000000e+00,
"2019","12.2009.","12.2009.02.02.02.","5.2.2.05.","01","04","DDS","Anggota Posyandu Mawar 1 (2 org X 1 bln)","ob",2.0000000000000000e+00,4.0000000000000000e+05,8.0000000000000000e+05,2.0000000000000000e+00,4.0000000000000000e+05,8.0000000000000000e+05,0.0000000000000000e+00,
"2019","12.2009.","12.2009.02.02.02.","5.2.2.05.","01","05","DDS","Ketua Posyandu Mawar 2 (1 org X 1 bln)","ob",1.0000000000000000e+00,5.0000000000000000e+05,5.0000000000000000e+05,1.0000000000000000e+00,5.0000000000000000e+05,5.0000000000000000e+05,0.0000000000000000e+00,
"2019","12.2009.","12.2009.02.02.02.","5.2.2.05.","01","06","DDS","Sekretaris Posyandu Mawar 2 (1 org X 1 bln)","ob",1.0000000000000000e+00,4.5000000000000000e+05,4.5000000000000000e+05,1.0000000000000000e+00,4.5000000000000000e+05,4.5000000000000000e+05,0.0000000000000000e+00,
"2019","12.2009.","12.2009.02.02.02.","5.2.2.05.","01","07","DDS","Bendahara Posyandu Mawar 2 (1 org X 1 bln)","ob",1.0000000000000000e+00,4.0000000000000000e+05,4.0000000000000000e+05,1.0000000000000000e+00,4.0000000000000000e+05,4.0000000000000000e+05,0.0000000000000000e+00,
"2019","12.2009.","12.2009.02.02.02.","5.2.2.05.","01","08","DDS","Anggota Posyandu Mawar 2 (2 org X 1 bln)","ob",2.0000000000000000e+00,4.0000000000000000e+05,8.0000000000000000e+05,2.0000000000000000e+00,4.0000000000000000e+05,8.0000000000000000e+05,0.0000000000000000e+00,
"2019","12.2009.","12.2009.02.02.02.","5.2.2.05.","01","09","DDS","Ketua Posyandu Mawar 3 (1 org X 1 bln)","ob",1.0000000000000000e+00,5.0000000000000000e+05,5.0000000000000000e+05,1.0000000000000000e+00,5.0000000000000000e+05,5.0000000000000000e+05,0.0000000000000000e+00,
"2019","12.2009.","12.2009.02.02.02.","5.2.2.05.","01","10","DDS","Sekretaris Posyandu Mawar 3 (1 org X 1 bln)","ob",1.0000000000000000e+00,4.5000000000000000e+05,4.5000000000000000e+05,1.0000000000000000e+00,4.5000000000000000e+05,4.5000000000000000e+05,0.0000000000000000e+00,
"2019","12.2009.","12.2009.02.02.02.","5.2.2.05.","01","11","DDS","Bendahara Posyandu Mawar 3 (1 org X 1 bln)","ob",1.0000000000000000e+00,4.0000000000000000e+05,4.0000000000000000e+05,1.0000000000000000e+00,4.0000000000000000e+05,4.0000000000000000e+05,0.0000000000000000e+00,
"2019","12.2009.","12.2009.02.02.02.","5.2.2.05.","01","12","DDS","Anggota Posyandu Mawar 3 (2 org X 1 bln)","ob",2.0000000000000000e+00,4.0000000000000000e+05,8.0000000000000000e+05,2.0000000000000000e+00,4.0000000000000000e+05,8.0000000000000000e+05,0.0000000000000000e+00,
"2019","12.2009.","12.2009.02.02.02.","5.2.2.05.","01","13","DDS","Ketua Posyandu Mawar 4 (1 org X 1 bln)","ob",1.0000000000000000e+00,5.0000000000000000e+05,5.0000000000000000e+05,1.0000000000000000e+00,5.0000000000000000e+05,5.0000000000000000e+05,0.0000000000000000e+00,
"2019","12.2009.","12.2009.02.02.02.","5.2.2.05.","01","14","DDS","Sekretaris Posyandu Mawar 4 (1 org X 1 bln)","ob",1.0000000000000000e+00,4.5000000000000000e+05,4.5000000000000000e+05,1.0000000000000000e+00,4.5000000000000000e+05,4.5000000000000000e+05,0.0000000000000000e+00,
"2019","12.2009.","12.2009.02.02.02.","5.2.2.05.","01","15","DDS","Bendahara Posyandu Mawar 4 (1 org X 1 bln)","ob",1.0000000000000000e+00,4.0000000000000000e+05,4.0000000000000000e+05,1.0000000000000000e+00,4.0000000000000000e+05,4.0000000000000000e+05,0.0000000000000000e+00,
"2019","12.2009.","12.2009.02.02.02.","5.2.2.05.","01","16","DDS","Anggota Posyandu Mawar 4 (2 org X 1 bln)","ob",2.0000000000000000e+00,4.0000000000000000e+05,8.0000000000000000e+05,2.0000000000000000e+00,4.0000000000000000e+05,8.0000000000000000e+05,0.0000000000000000e+00,
"2019","12.2009.","12.2009.02.02.02.","5.2.2.05.","01","17","DDS","Ketua Posyandu Mawar 5 (1 org X 1 bln)","ob",1.0000000000000000e+00,5.0000000000000000e+05,5.0000000000000000e+05,1.0000000000000000e+00,5.0000000000000000e+05,5.0000000000000000e+05,0.0000000000000000e+00,
"2019","12.2009.","12.2009.02.02.02.","5.2.2.05.","01","18","DDS","Sekretaris Posyandu Mawar 5 (1 org X 1 bln)","ob",1.0000000000000000e+00,4.5000000000000000e+05,4.5000000000000000e+05,1.0000000000000000e+00,4.5000000000000000e+05,4.5000000000000000e+05,0.0000000000000000e+00,
"2019","12.2009.","12.2009.02.02.02.","5.2.2.05.","01","19","DDS","Bendahara Posyandu Mawar 5 (1 org X 1 bln)","ob",1.0000000000000000e+00,4.0000000000000000e+05,4.0000000000000000e+05,1.0000000000000000e+00,4.0000000000000000e+05,4.0000000000000000e+05,0.0000000000000000e+00,
"2019","12.2009.","12.2009.02.02.02.","5.2.2.05.","01","20","DDS","Anggota Posyandu Mawar 5 (2 org X 1 bln)","ob",2.0000000000000000e+00,4.0000000000000000e+05,8.0000000000000000e+05,2.0000000000000000e+00,4.0000000000000000e+05,8.0000000000000000e+05,0.0000000000000000e+00,
"2019","12.2009.","12.2009.02.02.02.","5.2.2.05.","01","21","DDS","Ketua Posyandu Mawar 6 (1 org X 1 bln)","ob",1.0000000000000000e+00,5.0000000000000000e+05,5.0000000000000000e+05,1.0000000000000000e+00,5.0000000000000000e+05,5.0000000000000000e+05,0.0000000000000000e+00,
"2019","12.2009.","12.2009.02.02.02.","5.2.2.05.","01","22","DDS","Sekretaris Posyandu Mawar 6 (1 org X 1 bln)","ob",1.0000000000000000e+00,4.5000000000000000e+05,4.5000000000000000e+05,1.0000000000000000e+00,4.5000000000000000e+05,4.5000000000000000e+05,0.0000000000000000e+00,
"2019","12.2009.","12.2009.02.02.02.","5.2.2.05.","01","23","DDS","Bendahara Posyandu Mawar 6 (1 org X 1 bln)","ob",1.0000000000000000e+00,4.0000000000000000e+05,4.0000000000000000e+05,1.0000000000000000e+00,4.0000000000000000e+05,4.0000000000000000e+05,0.0000000000000000e+00,
"2019","12.2009.","12.2009.02.02.02.","5.2.2.05.","01","24","DDS","Anggota Posyandu Mawar 6 (2 org X 1 bln)","ob",2.0000000000000000e+00,4.0000000000000000e+05,8.0000000000000000e+05,2.0000000000000000e+00,4.0000000000000000e+05,8.0000000000000000e+05,0.0000000000000000e+00,
"2019","12.2009.","12.2009.02.02.02.","5.2.2.05.","01","25","DDS","Ketua Posyandu Mawar 7 (1 org X 1 bln)","ob",1.0000000000000000e+00,5.0000000000000000e+05,5.0000000000000000e+05,1.0000000000000000e+00,5.0000000000000000e+05,5.0000000000000000e+05,0.0000000000000000e+00,
"2019","12.2009.","12.2009.02.02.02.","5.2.2.05.","01","26","DDS","Sekretaris Posyandu Mawar 7 (1 org X 1 bln)","ob",1.0000000000000000e+00,4.5000000000000000e+05,4.5000000000000000e+05,1.0000000000000000e+00,4.5000000000000000e+05,4.5000000000000000e+05,0.0000000000000000e+00,
"2019","12.2009.","12.2009.02.02.02.","5.2.2.05.","01","27","DDS","Bendahara Posyandu Mawar 7 (1 org X 1 bln)","ob",1.0000000000000000e+00,4.0000000000000000e+05,4.0000000000000000e+05,1.0000000000000000e+00,4.0000000000000000e+05,4.0000000000000000e+05,0.0000000000000000e+00,
"2019","12.2009.","12.2009.02.02.02.","5.2.2.05.","01","28","DDS","Anggota Posyandu Mawar 7 (2 org X 1 bln)","ob",2.0000000000000000e+00,4.0000000000000000e+05,8.0000000000000000e+05,2.0000000000000000e+00,4.0000000000000000e+05,8.0000000000000000e+05,0.0000000000000000e+00,
"2019","12.2009.","12.2009.02.02.02.","5.2.2.05.","01","29","DDS","Ketua Posyandu Mawar 8 (1 org X 1 bln)","ob",1.0000000000000000e+00,5.0000000000000000e+05,5.0000000000000000e+05,1.0000000000000000e+00,5.0000000000000000e+05,5.0000000000000000e+05,0.0000000000000000e+00,
"2019","12.2009.","12.2009.02.02.02.","5.2.2.05.","01","30","DDS","Sekretaris Posyandu Mawar 8 (1 org X 1 bln)","ob",1.0000000000000000e+00,4.5000000000000000e+05,4.5000000000000000e+05,1.0000000000000000e+00,4.5000000000000000e+05,4.5000000000000000e+05,0.0000000000000000e+00,
"2019","12.2009.","12.2009.02.02.02.","5.2.2.05.","01","31","DDS","Bendahara Posyandu Mawar 8 (1 org X 1 bln)","ob",1.0000000000000000e+00,4.0000000000000000e+05,4.0000000000000000e+05,1.0000000000000000e+00,4.0000000000000000e+05,4.0000000000000000e+05,0.0000000000000000e+00,
"2019","12.2009.","12.2009.02.02.02.","5.2.2.05.","01","32","DDS","Anggota Posyandu Mawar 8 (2 org X 1 bln)","ob",2.0000000000000000e+00,4.0000000000000000e+05,8.0000000000000000e+05,2.0000000000000000e+00,4.0000000000000000e+05,8.0000000000000000e+05,0.0000000000000000e+00,
"2019","12.2009.","12.2009.02.03.11.","5.3.5.03.","01","16","DDS","Pemberesan Bekas Pekerjaan","Ls",3.0000000000000000e+00,5.0000000000000000e+05,1.5000000000000000e+06,3.0000000000000000e+00,5.0000000000000000e+05,1.5000000000000000e+06,0.0000000000000000e+00,
"2019","12.2009.","12.2009.02.03.11.","5.3.5.03.","01","17","DDS","Pembuatan Tugu Prasasti","unit",3.0000000000000000e+00,3.5000000000000000e+05,1.0500000000000000e+06,3.0000000000000000e+00,3.5000000000000000e+05,1.0500000000000000e+06,0.0000000000000000e+00,
"2019","12.2009.","12.2009.02.03.99.","5.3.4.01.","01","01","PBP","Ketua Tim TPK (1 org x bln)","ob",1.0000000000000000e+00,2.5000000000000000e+05,2.5000000000000000e+05,1.0000000000000000e+00,2.5000000000000000e+05,2.5000000000000000e+05,0.0000000000000000e+00,
"2019","12.2009.","12.2009.02.03.99.","5.3.4.01.","01","02","PBP","Sekretaris Tim TPK (1 org X 1 bln)","ob",1.0000000000000000e+00,2.0000000000000000e+05,2.0000000000000000e+05,1.0000000000000000e+00,2.0000000000000000e+05,2.0000000000000000e+05,0.0000000000000000e+00,
"2019","12.2009.","12.2009.02.03.99.","5.3.4.01.","01","03","PBP","Anggota Tim TPK (1 org X bulan)","ob",1.0000000000000000e+00,2.0000000000000000e+05,2.0000000000000000e+05,1.0000000000000000e+00,2.0000000000000000e+05,2.0000000000000000e+05,0.0000000000000000e+00,
"2019","12.2009.","12.2009.02.03.99.","5.3.4.01.","01","04","PBP","Tim Verifikasi","paket",1.0000000000000000e+00,2.5000000000000000e+05,2.5000000000000000e+05,1.0000000000000000e+00,2.5000000000000000e+05,2.5000000000000000e+05,0.0000000000000000e+00,
"2019","12.2009.","12.2009.02.03.99.","5.3.4.01.","01","05","PBP","Kertas HVS","rim",1.0000000000000000e+00,6.0000000000000000e+04,6.0000000000000000e+04,1.0000000000000000e+00,6.0000000000000000e+04,6.0000000000000000e+04,0.0000000000000000e+00,
"2019","12.2009.","12.2009.02.03.99.","5.3.4.01.","01","06","PBP","Ballpoint","pak",1.0000000000000000e+00,3.5000000000000000e+04,3.5000000000000000e+04,1.0000000000000000e+00,3.5000000000000000e+04,3.5000000000000000e+04,0.0000000000000000e+00,
"2019","12.2009.","12.2009.02.03.99.","5.3.4.01.","01","07","PBP","Foto/Dokumen","paket",1.0000000000000000e+00,8.5500000000000000e+04,8.5500000000000000e+04,1.0000000000000000e+00,8.5500000000000000e+04,8.5500000000000000e+04,0.0000000000000000e+00,
"2019","12.2009.","12.2009.02.03.99.","5.3.4.01.","01","08","PBP","Tinta Printer","botol",1.0000000000000000e+00,1.0000000000000000e+05,1.0000000000000000e+05,1.0000000000000000e+00,1.0000000000000000e+05,1.0000000000000000e+05,0.0000000000000000e+00,
"2019","12.2009.","12.2009.02.03.99.","5.3.4.01.","01","09","PBP","Photocopy","lembar",2.0000000000000000e+02,2.5000000000000000e+02,5.0000000000000000e+04,2.0000000000000000e+02,2.5000000000000000e+02,5.0000000000000000e+04,0.0000000000000000e+00,
"2019","12.2009.","12.2009.02.03.99.","5.3.4.03.","01","01","PBP","Panel Beton Pracetak","lembar",1.7500000000000000e+02,1.3500000000000000e+05,2.3625000000000000e+07,1.7500000000000000e+02,1.3500000000000000e+05,2.3625000000000000e+07,0.0000000000000000e+00,
"2019","12.2009.","12.2009.02.03.99.","5.3.4.03.","01","02","PBP","Kolom Beton Pracetak","batang",9.2000000000000000e+01,2.7810000000000000e+05,2.5585200000000000e+07,9.2000000000000000e+01,2.7810000000000000e+05,2.5585200000000000e+07,0.0000000000000000e+00,
"2019","12.2009.","12.2009.02.03.99.","5.3.4.03.","01","03","PBP","Pasir Beton","m3",1.5000000000000000e+01,2.6000000000000000e+05,3.9000000000000000e+06,1.5000000000000000e+01,2.6000000000000000e+05,3.9000000000000000e+06,0.0000000000000000e+00,
"2019","12.2009.","12.2009.02.03.99.","5.3.4.03.","01","04","PBP","Koral 2/3 beton","m3",1.8000000000000000e+01,2.6000000000000000e+05,4.6800000000000000e+06,1.8000000000000000e+01,2.6000000000000000e+05,4.6800000000000000e+06,0.0000000000000000e+00,
"2019","12.2009.","12.2009.02.03.99.","5.3.4.03.","01","05","PBP","Semen Portland","zak",1.8700000000000000e+02,5.0000000000000000e+04,9.3500000000000000e+06,1.8700000000000000e+02,5.0000000000000000e+04,9.3500000000000000e+06,0.0000000000000000e+00,
"2019","12.2009.","12.2009.02.03.99.","5.3.4.03.","01","06","PBP","Batu Belah 15/20","m3",2.7000000000000000e+01,2.5000000000000000e+05,6.7500000000000000e+06,2.7000000000000000e+01,2.5000000000000000e+05,6.7500000000000000e+06,0.0000000000000000e+00,
"2019","12.2009.","12.2009.02.03.99.","5.3.4.03.","01","07","PBP","Pasir Pasang","m3",1.6000000000000000e+01,2.0000000000000000e+05,3.2000000000000000e+06,1.6000000000000000e+01,2.0000000000000000e+05,3.2000000000000000e+06,0.0000000000000000e+00,
"2019","12.2009.","12.2009.02.03.99.","5.3.4.03.","01","08","PBP","Bata Merah","buah",7.2200000000000000e+02,7.5000000000000000e+02,5.4150000000000000e+05,7.2200000000000000e+02,7.5000000000000000e+02,5.4150000000000000e+05,0.0000000000000000e+00,
"2019","12.2009.","12.2009.02.03.99.","5.3.4.03.","01","09","PBP","Kayu Papan Kelas III","m3",1.0000000000000000e+00,2.1000000000000000e+06,2.1000000000000000e+06,1.0000000000000000e+00,2.1000000000000000e+06,2.1000000000000000e+06,0.0000000000000000e+00,
"2019","12.2009.","12.2009.02.03.99.","5.3.4.03.","01","10","PBP","Paku Biasa 2""- 5""","kg",2.0000000000000000e+00,1.5900000000000000e+04,3.1800000000000000e+04,2.0000000000000000e+00,1.5900000000000000e+04,3.1800000000000000e+04,0.0000000000000000e+00,
"2019","12.2009.","12.2009.02.03.99.","5.3.4.03.","01","11","PBP","Minyak Bekisting","liter",1.0000000000000000e+00,1.5000000000000000e+04,1.5000000000000000e+04,1.0000000000000000e+00,1.5000000000000000e+04,1.5000000000000000e+04,0.0000000000000000e+00,
"2019","12.2009.","12.2009.02.03.99.","5.3.4.03.","01","12","PBP","Besi Beton (polos/ulir)","kg",3.8000000000000000e+01,9.5000000000000000e+03,3.6100000000000000e+05,3.8000000000000000e+01,9.5000000000000000e+03,3.6100000000000000e+05,0.0000000000000000e+00,
"2019","12.2009.","12.2009.02.03.99.","5.3.4.03.","01","13","PBP","Kawat Beton","kg",3.0000000000000000e+00,2.5000000000000000e+04,7.5000000000000000e+04,3.0000000000000000e+00,2.5000000000000000e+04,7.5000000000000000e+04,0.0000000000000000e+00,
"2019","12.2009.","12.2009.02.03.99.","5.3.4.03.","01","14","PBP","Besi Strip 3 x 30","kg",4.1000000000000000e+02,1.0500000000000000e+04,4.3050000000000000e+06,4.1000000000000000e+02,1.0500000000000000e+04,4.3050000000000000e+06,0.0000000000000000e+00,
"2019","12.2009.","12.2009.02.03.99.","5.3.4.03.","01","15","PBP","Besi Hollow 4/4 ","m2",2.4000000000000000e+01,7.5000000000000000e+03,1.8000000000000000e+05,2.4000000000000000e+01,7.5000000000000000e+03,1.8000000000000000e+05,0.0000000000000000e+00,
"2019","12.2009.","12.2009.02.03.99.","5.3.4.03.","01","16","PBP","Besi Pipa Galvanis dia 2""","m2",2.8000000000000000e+01,1.0500000000000000e+05,2.9400000000000000e+06,2.8000000000000000e+01,1.0500000000000000e+05,2.9400000000000000e+06,0.0000000000000000e+00,
"2019","12.2009.","12.2009.02.03.99.","5.3.4.03.","01","17","PBP","Minyak Cat","liter",3.0000000000000000e+00,1.3000000000000000e+04,3.9000000000000000e+04,3.0000000000000000e+00,1.3000000000000000e+04,3.9000000000000000e+04,0.0000000000000000e+00,
"2019","12.2009.","12.2009.02.03.99.","5.3.4.03.","01","18","PBP","Cat Besi Zingcromate","kg",1.9000000000000000e+01,6.0000000000000000e+04,1.1400000000000000e+06,1.9000000000000000e+01,6.0000000000000000e+04,1.1400000000000000e+06,0.0000000000000000e+00,
"2019","12.2009.","12.2009.02.03.99.","5.3.4.03.","01","19","PBP","Cat Meni","kg",2.0000000000000000e+00,3.0000000000000000e+04,6.0000000000000000e+04,2.0000000000000000e+00,3.0000000000000000e+04,6.0000000000000000e+04,0.0000000000000000e+00,
"2019","12.2009.","12.2009.02.03.99.","5.3.4.03.","01","20","PBP","Ampelas","lembar",6.6000000000000000e+01,2.0000000000000000e+03,1.3200000000000000e+05,6.6000000000000000e+01,2.0000000000000000e+03,1.3200000000000000e+05,0.0000000000000000e+00,
"2019","12.2009.","12.2009.02.03.99.","5.3.4.03.","01","21","PBP","Pipa Galvanis @5"" x 4,60 mm x 6 M","batang",1.0000000000000000e+00,1.4350000000000000e+06,1.4350000000000000e+06,1.0000000000000000e+00,1.4350000000000000e+06,1.4350000000000000e+06,0.0000000000000000e+00,
"2019","12.2009.","12.2009.02.03.99.","5.3.4.03.","01","22","PBP","Ember","buah",9.0000000000000000e+00,1.5000000000000000e+04,1.3500000000000000e+05,9.0000000000000000e+00,1.5000000000000000e+04,1.3500000000000000e+05,0.0000000000000000e+00,
"2019","12.2009.","12.2009.02.03.99.","5.3.4.03.","01","23","PBP","Pengki","buah",4.0000000000000000e+00,1.3000000000000000e+04,5.2000000000000000e+04,4.0000000000000000e+00,1.3000000000000000e+04,5.2000000000000000e+04,0.0000000000000000e+00,
"2019","12.2009.","12.2009.02.03.99.","5.3.4.03.","01","24","PBP","Cangkul","unit",3.0000000000000000e+00,8.0000000000000000e+04,2.4000000000000000e+05,3.0000000000000000e+00,8.0000000000000000e+04,2.4000000000000000e+05,0.0000000000000000e+00,
"2019","12.2009.","12.2009.02.03.99.","5.3.4.03.","01","25","PBP","Sengkup","unit",2.0000000000000000e+00,9.0000000000000000e+04,1.8000000000000000e+05,2.0000000000000000e+00,9.0000000000000000e+04,1.8000000000000000e+05,0.0000000000000000e+00,
"2019","12.2009.","12.2009.02.03.99.","5.3.4.03.","01","26","PBP","Kaso","batang",1.0000000000000000e+01,1.8000000000000000e+04,1.8000000000000000e+05,1.0000000000000000e+01,1.8000000000000000e+04,1.8000000000000000e+05,0.0000000000000000e+00,
"2019","12.2009.","12.2009.02.03.99.","5.3.4.03.","01","27","PBP","Benang","rol",5.0000000000000000e+00,5.0000000000000000e+03,2.5000000000000000e+04,5.0000000000000000e+00,5.0000000000000000e+03,2.5000000000000000e+04,0.0000000000000000e+00,
"2019","12.2009.","12.2009.00.00.00.","6.1.1.01.","01","01","DLL","Silpa Tahun 2018","Ls",1.0000000000000000e+00,1.2282780000000000e+06,1.2282780000000000e+06,1.0000000000000000e+00,1.2282780000000000e+06,1.2282780000000000e+06,0.0000000000000000e+00,
"2019","12.2009.","12.2009.01.01.04.","5.2.5.90.","01","01","DLL","Administrasi Keuangan","Ls",1.0000000000000000e+00,1.2282780000000000e+06,1.2282780000000000e+06,1.0000000000000000e+00,1.2282780000000000e+06,1.2282780000000000e+06,0.0000000000000000e+00,
