"Kd_Jenis","Klausul","No_Urut","Uraian"
"1","Mengingat","1.","Undang-undang Nomor 6 Tahun 2014 tentang Desa;"
"1","Mengingat","2.","Peraturan Pemerintah Nomor 43 Tahun 2014 tentang Peraturan Pelaksanaan Undang-undang Nomor 6 Tahun 2014 tentang Desa, sebagaimana telah diubah terakhir dengan Peraturan Pemerintah Nomor 47 Tahun 2015;"
"1","Mengingat","3.","Peraturan Menteri Dalam Negeri Nomor 20 Tahun 2018 tentang Pengelolaan Keuangan Desa;"
"1","Mengingat","4.","Peraturan Walikota Subulussalam Nomor 1 Tahun 2019 tentang Pedoman Pengelolaan Keuangan Kampong;"
"1","Mengingat","5.","Peraturan Walikota Subulussalam Nomor 4 Tahun 2019 tentang Pedoman Penyusunan Anggaran Pendapatan dan Belanja Kampong Tahun 2019."
"1","Menimbang","a.","bahwa Anggaran Pendaparan dan Belanja Desa sebagai wujud dari pengelolaan keuangan Desa dilaksanakan secara terbuka dan bertanggungjawab untuk sebesar-besarnya kemakmuran masyarakat desa;"
"1","Menimbang","b.","bahwa Anggaran Pendapatan dan Belanja Desa Tahun Anggaran 2019 termuat dalam Peraturan Desa tentang Anggaran Pendapatan dan Belanja Desa Tahun Anggaran 2019 yang disusun sesuai dengan kebutuhan penyelenggaraan pemerintahan Desa berdasarkan prinsip kebersamaan, efisiensi, berkeadilan, berkelanjutan, berwawasan lingkungan, dan kemandirian sehingga menciptakan landasan kuat dalam melaksanakan pemerintahan dan pembangunan menuju masyarakat adil, makmur dan sejahtera;"
"1","Menimbang","c.","bahwa berdasarkan pertimbangan sebagaimana dimaksud dalam huruf a dan huruf b, perlu menetapkan Peraturan Desa tentang Anggaran Pendapatan dan Belanja Desa Tahun Anggaran 2019."
"2","Mengingat","1.","Peraturan Menteri Dalam Negeri Nomor 20 Tahun 2018 tentang Pengelolaan Keuangan Desa;"
"2","Mengingat","2.","Peraturan Walikota Subulussalam Nomor 1 Tahun 2018 tentang Pedoman Pengelolaan Keuangan Kampong;"
"2","Mengingat","3.","Peraturan Walikota Subulussalam Nomor 4 Tahun 2019 tentang Pedoman Penyusunan Anggaran Pendapatan dan Belanja Kampong Tahun 2019."
"2","Menimbang","a.","bahwa sebagai pelaksanaan ketentuan Pasal 4 Peraturan Desa tentang Anggaran Pendapatan dan Belanja Desa Tahun Anggaran 2019, maka perlu menyusun Peraturan Kepala Desa tentang Penjabaran Anggaran Pendapatan dan Belanja Desa."
"3","Mengingat","1.","Undang-undang Nomor 6 Tahun 2014 tentang Desa;"
"3","Mengingat","2.","Peraturan Pemerintah Nomor 43 Tahun 2014 tentang Peraturan Pelaksanaan Undang-undang Nomor 6 Tahun 2014 tentang Desa, sebagaimana telah diubah terakhir dengan Peraturan Pemerintah Nomor 47 Tahun 2015;"
"3","Mengingat","3.","Peraturan Menteri Dalam Negeri Nomor 20 Tahun 2018 tentang Pengelolaan Keuangan Desa;"
"3","Mengingat","4.","Peraturan Walikota Subulussalam Nomor 1 Tahun 2019 tentang Pedoman Pengelolaan Keuangan Kampong;"
"3","Mengingat","5.","Peraturan Walikota Subulussalam Nomor 4 Tahun 2019 tentang Pedoman Penyusunan Anggaran Pendapatan dan Belanja Kampong Tahun 2019."
"3","Menimbang","a.","bahwa sehubungan dengan terjadi perkembangan yang tidak sesuai dengan rencana anggaran yang telah ditetapkan dalam Anggaran Pendapatan dan Belanja Desa, karena adanya perubahan pendapatan, belanja dan pembiayaan, perlu dilakukan perubahan Anggaran Pendapatan dan Belanja Desa Tahun Anggaran 2019;"
"3","Menimbang","b.","bahwa berdasarkan pertimbangan sebagaimana dimaksud dalam huruf a, perlu menetapkan Peraturan Desa tentang Perubahan Anggaran Pendapatan dan Belanja Desa (APB Desa) Tahun Anggaran 2019;"
"4","Mengingat","1.","Undang-undang Nomor 6 Tahun 2014 tentang Desa;"
"4","Mengingat","2.","Peraturan Pemerintah Nomor 43 Tahun 2014 tentang Peraturan Pelaksanaan Undang-undang Nomor 6 Tahun 2014 tentang Desa, sebagaimana telah diubah terakhir dengan Peraturan Pemerintah Nomor 47 Tahun 2015;"
"4","Mengingat","3.","Peraturan Menteri Dalam Negeri Nomor 20 Tahun 2018 tentang Pengelolaan Keuangan Desa;"
"4","Mengingat","4.","Peraturan Walikota Subulussalam Nomor 1 Tahun 2019 tentang Pedoman Pengelolaan Keuangan Kampong;"
"4","Mengingat","5.","Peraturan Walikota Subulussalam Nomor 1 Tahun 2019 tentang Pedoman Penyusunan Anggaran Pendapatan dan Belanja Kampong Tahun 2019."
"4","Menimbang","a.","bahwa Anggaran Pendapatan dan Belanja Desa sebagai wujud dari pengelolaan keuangan Desa dilaksanakan secara terbuka dan bertanggungjawab untuk sebesar-besarnya kemakmuran masyarakat desa;"
"4","Menimbang","b.","bahwa Anggaran Pendapatan dan Belanja Desa Tahun Anggaran 2019 termuat dalam Peraturan Desa tentang Anggaran Pendapatan dan Belanja Desa Tahun 2019 yang disusun sesuai dengan kebutuhan penyelenggaraan pemerintahan Desa perlu dipertanggungjawabkan pelaksanaannya;"
"4","Menimbang","c.","bahwa berdasarkan pertimbangan sebagaimana dimaksud dalam huruf a dan huruf b, perlu menetapkan Peraturan Desa tentang Laporan Pertanggungjawaban Realisasi Anggaran Pendapatan dan Belanja Desa (APB Desa) Tahun Anggaran 2019."
"5","Mengingat","1.","Undang-undang Nomor 6 Tahun 2014 tentang Desa;"
"5","Mengingat","2.","Peraturan Pemerintah Nomor 43 Tahun 2014 tentang Peraturan Pelaksanaan Undang-undang Nomor 6 Tahun 2014 tentang Desa, sebagaimana telah diubah terakhir dengan Peraturan Pemerintah Nomor 47 Tahun 2015;"
"5","Mengingat","3.","Peraturan Menteri Dalam Negeri Nomor 20 Tahun 2018 tentang Pengelolaan Keuangan Desa;"
"5","Mengingat","4.","Peraturan Walikota Subulussalam Nomor 1 Tahun 2019 tentang Pedoman Pengelolaan Keuangan Kampong;"
"5","Mengingat","5.","Peraturan Walikota Subulussalam Nomor 4 Tahun 2019 tentang Pedoman Penyusunan Anggaran Pendapatan dan Belanja Kampong Tahun 2019."
"5","Menimbang","a.","bahwa Anggaran Pendapatan dan Belanja Desa sebagai wujud dari pengelolaan keuangan Desa dilaksanakan secara terbuka dan bertanggungjawab untuk sebesar-besarnya kemakmuran masyarakat desa;"
"5","Menimbang","b.","bahwa Anggaran Pendapatan dan Belanja Desa Tahun Anggaran 2019 termuat dalam Peraturan Desa tentang Anggaran Pendapatan dan Belanja Desa Tahun 2019 yang disusun sesuai dengan kebutuhan penyelenggaraan pemerintahan Desa perlu dipertanggungjawabkan pelaksanaannya;"
"5","Menimbang","c.","bahwa berdasarkan pertimbangan sebagaimana dimaksud dalam huruf a dan huruf b, perlu menetapkan Peraturan Desa tentang Laporan Pertanggungjawaban Realisasi Anggaran Pendapatan dan Belanja Desa (APB Desa) Tahun Anggaran 2019."
