"Kd_Kec","Kd_Desa","Nama_Desa"
"01","01.2001.","PEMERINTAH DESA SUBULUSSALAM"
"01","01.2002.","PEMERINTAH DESA PEGAYO"
"01","01.2003.","PEMERINTAH DESA SIKALONDANG"
"01","01.2004.","PEMERINTAH DESA BULUH DORI"
"01","01.2005.","PEMERINTAH DESA SUBULUSSALAM UTARA"
"01","01.2006.","PEMERINTAH DESA SUBULUSSALAM SELATAN"
"01","01.2007.","PEMERINTAH DESA SUBULUSSALAM BARAT"
"01","01.2008.","PEMERINTAH DESA SUKA MAKMUR"
"01","01.2009.","PEMERINTAH DESA TANGGA BESI"
"01","01.2010.","PEMERINTAH DESA KUTA CEPU"
"01","01.2011.","PEMERINTAH DESA PASAR PANJANG"
"01","01.2012.","PEMERINTAH DESA MUKTI MAKMUR"
"01","01.2013.","PEMERINTAH DESA LAE ORAM"
"01","01.2014.","PEMERINTAH DESA MAKMUR JAYA"
"01","01.2015.","PEMERINTAH DESA BELEGEN MULIA"
"01","01.2016.","PEMERINTAH DESA DANAU TRAS"
"01","01.2017.","PEMERINTAH DESA SUBULUSSALAM TIMUR"
"02","02.2001.","PEMERINTAH DESA PENANGGALAN"
"02","02.2002.","PEMERINTAH DESA CEPU"
"02","02.2003.","PEMERINTAH DESA KUTA TENGAH"
"02","02.2004.","PEMERINTAH DESA KAMPUNG BARU"
"02","02.2005.","PEMERINTAH DESA SIKELANG"
"02","02.2006.","PEMERINTAH DESA PENUNTUNGAN"
"02","02.2007.","PEMERINTAH DESA JONTOR"
"02","02.2008.","PEMERINTAH DESA LAE MOTONG"
"02","02.2009.","PEMERINTAH DESA LAE IKAN"
"02","02.2010.","PEMERINTAH DESA LAE BERSIH"
"02","02.2011.","PEMERINTAH DESA DASAN RAJA"
"02","02.2012.","PEMERINTAH DESA PENANGGALAN TIMUR"
"02","02.2013.","PEMERINTAH DESA PENANGGALAN BARAT"
"03","03.2001.","PEMERINTAH DESA PASAR RUNDENG"
"03","03.2002.","PEMERINTAH DESA DAH"
"03","03.2003.","PEMERINTAH DESA OBOH"
"03","03.2004.","PEMERINTAH DESA SEPADAN"
"03","03.2005.","PEMERINTAH DESA SIBUASAN"
"03","03.2006.","PEMERINTAH DESA BINANGA"
"03","03.2007.","PEMERINTAH DESA KUTA BERINGIN"
"03","03.2008.","PEMERINTAH DESA MUARA BATU-BATU"
"03","03.2009.","PEMERINTAH DESA SIPERKAS"
"03","03.2010.","PEMERINTAH DESA LAE MATE"
"03","03.2011.","PEMERINTAH DESA SIBUNGKE"
"03","03.2012.","PEMERINTAH DESA HARAPAN BARU"
"03","03.2013.","PEMERINTAH DESA TELADAN BARU"
"03","03.2014.","PEMERINTAH DESA BELUKUR MAKMUR"
"03","03.2015.","PEMERINTAH DESA KAMPONG BADAR"
"03","03.2016.","PEMERINTAH DESA LAE PEMUALAN"
"03","03.2017.","PEMERINTAH DESA PANGLIMA SAHMAN"
"03","03.2018.","PEMERINTAH DESA SUAK JAMPAK"
"03","03.2019.","PEMERINTAH DESA GERUGUH"
"03","03.2020.","PEMERINTAH DESA MANDILAM"
"03","03.2021.","PEMERINTAH DESA TUALANG"
"03","03.2022.","PEMERINTAH DESA KUALA KEPENG"
"03","03.2023.","PEMERINTAH DESA TANAH TUMBUH"
"04","04.2001.","PEMERINTAH DESA PASIR BELO"
"04","04.2002.","PEMERINTAH DESA BAWAN"
"04","04.2003.","PEMERINTAH DESA SIGRUN"
"04","04.2004.","PEMERINTAH DESA JABI-JABI"
"04","04.2005.","PEMERINTAH DESA LAE SIMOLAP"
"04","04.2006.","PEMERINTAH DESA LAE LANGGE"
"04","04.2007.","PEMERINTAH DESA SUKA MAJU"
"04","04.2008.","PEMERINTAH DESA GUNUNG BAKTI"
"04","04.2009.","PEMERINTAH DESA JAMBI BARU"
"04","04.2010.","PEMERINTAH DESA PULO KEDEP"
"04","04.2011.","PEMERINTAH DESA PULO BELEN"
"04","04.2012.","PEMERINTAH DESA SINGGERSING"
"04","04.2013.","PEMERINTAH DESA NAMO BUAYA"
"04","04.2014.","PEMERINTAH DESA CIPAR-PARE"
"04","04.2015.","PEMERINTAH DESA BUNGA TANJUNG"
"04","04.2016.","PEMERINTAH DESA CIPAR PARE TIMUR"
"04","04.2018.","PEMERINTAH DESA DARUL MAKMUR"
"04","04.2019.","PEMERINTAH DESA JABI-JABI BARAT"
"04","04.2020.","PEMERINTAH DESA BATU NAPAL"
"05","05.2001.","PEMERINTAH DESA LONGKIP"
"05","05.2002.","PEMERINTAH DESA SEPANG"
"05","05.2003.","PEMERINTAH DESA PANJI"
"05","05.2004.","PEMERINTAH DESA LAE SAGA"
"05","05.2005.","PEMERINTAH DESA SIKERABANG"
"05","05.2006.","PEMERINTAH DESA RANTAU PANJANG"
"05","05.2007.","PEMERINTAH DESA BUKIT ALIM"
"05","05.2008.","PEMERINTAH DESA DARUL AMAN"
"05","05.2009.","PEMERINTAH DESA BANGUN SARI"
"05","05.2010.","PEMERINTAH DESA DARUSSALAM"
