"Tahun","Kd_Desa","Jn_Aturan","Kd_Posting","Nama_Desa","No_Peraturan","Tgl_Peraturan","Nama_Kades","Jbt_Kades","Nama_Sekdes","Jbt_Sekdes","No_Lembaran","Tgl_Diundangkan","Lokasi_Desa"
"2019","04.2014.","1","2","CIPAR-PARE","4","2019-04-25 00:00:00","ANSHORI","KEPALA KAMPONG","TUNGGUL SIJABAT","SEKRETARIS DESA","4","2019-04-26 00:00:00","Cipar-pari"
"2019","04.2014.","2","2","CIPAR-PARE","2","2019-04-25 00:00:00","ANSHORI","Kepala Kampong","TUNGGUL SIJABAT","Sekretaris Desa","2","2019-04-26 00:00:00","Cipar-pari"
"2019","04.2014.","3","2","  CIPAR-PARE","4","2019-03-27 00:00:00","ANSHORI","Kepala Kampong","TUNGGUL SIJABAT","Sekretaris Desa","4","2019-03-28 00:00:00","Cipar-pari"
"2019","04.2005.","1","1","  LAE SIMOLAP","4","2019-05-17 00:00:00","SUPIAN","Kepala Kampong","MARIDUN KABEAKAN","","4","2019-05-18 00:00:00","Lae Simolap"
"2019","04.2005.","2","1","AE SIMOLAP","2","2019-05-17 00:00:00","SUPIAN","Kepala Kampong","Tunggul Sijabat","Sekretaris Desa","5","2019-05-18 00:00:00","Lae Simolap"
