"ID_Sasaran","Kd_Desa","ID_Tujuan","No_Sasaran","Uraian_Sasaran"
"04.2014.01010101","04.2014.","04.2014.010101","01","Meningkatnya  ketersediaan sarana prasarana transportasi"
"04.2014.01010102","04.2014.","04.2014.010101","02","Meningkatnya ketersediaan sarana prasarana pertanian dalam arti luas"
"04.2014.01010103","04.2014.","04.2014.010101","03","Meningkatnya  ketersediaan  sarana  prasarana perdagangan"
"04.2014.01020101","04.2014.","04.2014.010201","01","Meningkatnya penataan administrasi pemerintahan desa"
"04.2014.01020102","04.2014.","04.2014.010201","02","Mningkatkan kesejahteraan aparatur desa"
