"ID_Tujuan","Kd_Desa","ID_Misi","No_Tujuan","Uraian_Tujuan"
"04.2014.010101","04.2014.","04.2014.0101","01","Meningkatkan pembangunan dan pemeliharaan sarana prasarana perekonomian desa"
"04.2014.010102","04.2014.","04.2014.0101","02","jjkklklk"
"04.2014.010201","04.2014.","04.2014.0102","01","Meningkatkan   pelayanan   bidang   pemerintahan   kepada masyarakat"
"04.2014.010202","04.2014.","04.2014.0102","02","Meningkatkan   kualitas   demokratisasi   di   Kampong"
"04.2014.010203","04.2014.","04.2014.0102","03","Meningkatkan    transparansi    dan    rasa    keadilan    serta ketertiban masyarakat"
