"Kd_Desa","Kd_Bid","Kd_Sub","Nama_SubBidang"
"04.2014.","04.2014.01","04.2014.01.01.","Penyelenggaran Belanja Siltap, Tunjangan dan Operasional Pemerintahan Desa"
"04.2014.","04.2014.02","04.2014.02.03.","Sub Bidang Pekerjaan Umum dan Penataan Ruang"
"04.2014.","04.2014.02","04.2014.02.01.","Sub Bidang Pendidikan"
"04.2014.","04.2014.03","04.2014.03.01.","Sub Bidang Ketenteraman, Ketertiban Umum dan Perlindungan Masyarakat"
"04.2014.","04.2014.01","04.2014.01.02.","Penyediaan Sarana Prasarana Pemerintahan Desa"
"04.2014.","04.2014.01","04.2014.01.03.","Pengelolaan Administrasi Kependudukan, Pencatatan Sipil, Statistik dan Kearsipan"
"04.2014.","04.2014.01","04.2014.01.04.","Penyelenggaraan Tata Praja Pemerintahan, Perencanaan, Keuangan dan Pelaporan"
"04.2014.","04.2014.02","04.2014.02.02.","Sub Bidang Kesehatan"
"04.2014.","04.2014.03","04.2014.03.02.","Sub Bidang Kebudayaan dan Keagamaan"
"04.2014.","04.2014.03","04.2014.03.03.","Sub Bidang Kepemudaan dan Olahraga"
"04.2014.","04.2014.03","04.2014.03.04.","Sub Bidang Kelembagaan Masyarakat"
"04.2014.","04.2014.04","04.2014.04.02.","Sub Bidang Pertanian dan Peternakan"
"04.2014.","04.2014.04","04.2014.04.03.","Sub Bidang Peningkatan Kapasitas Aparatur Desa"
"04.2014.","04.2014.04","04.2014.04.04.","Sub Bidang Pemberdayaan Perempuan, Perlindungan Anak dan Keluarga"
"04.2014.","04.2014.04","04.2014.04.05.","Sub Bidang Koperasi, Usaha Micro Kecil dan Menengah (UMKM)"
