"Tahun","Kd_Desa","Kd_Bid","Kd_Sub","Nama_SubBidang"
"2019","01.2015.","01.2015.01","01.2015.01.01.","Penyelenggaran Belanja Siltap, Tunjangan dan Operasional Pemerintahan Desa"
"2019","04.2014.","04.2014.01","04.2014.01.01.","Penyelenggaran Belanja Siltap, Tunjangan dan Operasional Pemerintahan Desa"
"2019","04.2014.","04.2014.01","04.2014.01.02.","Penyediaan Sarana Prasarana Pemerintahan Desa"
"2019","04.2014.","04.2014.01","04.2014.01.03.","Pengelolaan Administrasi Kependudukan, Pencatatan Sipil, Statistik dan Kearsipan"
"2019","04.2014.","04.2014.02","04.2014.02.01.","Sub Bidang Pendidikan"
"2019","04.2014.","04.2014.03","04.2014.03.01.","Sub Bidang Ketenteraman, Ketertiban Umum dan Perlindungan Masyarakat"
"2019","04.2014.","04.2014.04","04.2014.04.03.","Sub Bidang Peningkatan Kapasitas Aparatur Desa"
"2019","04.2014.","04.2014.02","04.2014.02.07.","Sub Bidang Energi dan Sumberdaya Mineral"
"2019","04.2014.","04.2014.03","04.2014.03.02.","Sub Bidang Kebudayaan dan Keagamaan"
"2019","04.2014.","04.2014.04","04.2014.04.05.","Sub Bidang Koperasi, Usaha Micro Kecil dan Menengah (UMKM)"
"2019","04.2014.","04.2014.02","04.2014.02.06.","Sub Bidang Perhubungan, Komunikasi dan Informatika"
"2019","04.2014.","04.2014.01","04.2014.01.04.","Penyelenggaraan Tata Praja Pemerintahan, Perencanaan, Keuangan dan Pelaporan"
"2019","04.2014.","04.2014.01","04.2014.01.05.","Sub Bidang Pertanahan"
"2019","04.2014.","04.2014.02","04.2014.02.03.","Sub Bidang Pekerjaan Umum dan Penataan Ruang"
"2019","04.2014.","04.2014.02","04.2014.02.02.","Sub Bidang Kesehatan"
"2019","04.2014.","04.2014.02","04.2014.02.05.","Sub Bidang Kehutanan dan Lingkungan Hidup"
"2019","04.2014.","04.2014.03","04.2014.03.03.","Sub Bidang Kepemudaan dan Olahraga"
"2019","04.2014.","04.2014.03","04.2014.03.04.","Sub Bidang Kelembagaan Masyarakat"
"2019","04.2014.","04.2014.04","04.2014.04.04.","Sub Bidang Pemberdayaan Perempuan, Perlindungan Anak dan Keluarga"
"2019","04.2014.","04.2014.04","04.2014.04.02.","Sub Bidang Pertanian dan Peternakan"
"2019","04.2014.","04.2014.05","04.2014.05.01.","Sub Bidang Penanggulangan Bencana"
