"Tahun","No_SPP","Tgl_SPP","Jn_SPP","Kd_Desa","Keterangan","Jumlah","Potongan","Status","F10","F11"
"2019","0001/SPP/04.2014/2019","2019-04-26 00:00:00","LS","04.2014.","SPP Kurang Bayar Siltap Kepala Kampong bulan Juli  s/d September 2018","8100000","0","1","",""
"2019","0002/SPP/04.2014/2019","2019-04-26 00:00:00","LS","04.2014.","SPP Kurang Bayar Siltap Perangat Kampong bulan Juli  s/d September 2018","30000000","0","1","",""
"2019","0003/SPP/04.2014/2019","2019-04-26 00:00:00","LS","04.2014.","SPP Kurang Bayar Honorarium/Insentif Pengurus Jamaah bulan Juli  s/d September 2018","23625000","0","1","",""
"2019","0004/SPP/04.2014/2019","2019-04-26 00:00:00","LS","04.2014.","SPP Kurang Bayar Tunjangan BPK bulan Juli  s/d September 2018","12937500","0","1","",""
"2019","0005/SPP/04.2014/2019","2019-04-26 00:00:00","LS","04.2014.","SPP Operasional Pemerintah Kampong","11250000","0","1","",""
"2019","0006/SPP/04.2014/2019","2019-04-26 00:00:00","LS","04.2014.","SPP Tunjangan Perangkat Desa","2400000","0","1","",""
"2019","0007/SPP/04.2014/2019","2019-04-26 00:00:00","LS","04.2014.","SPP Penyediaan Sarana Perkantoran Pemrintahan","5355000","0","1","",""
"2019","0008/SPP/04.2014/2019","2019-04-28 00:00:00","LS","04.2014.","SPP Kegiatan MPM","5284500","0","1","",""
"2019","0009/SPP/04.2014/2019","2019-04-29 00:00:00","LS","04.2014.","SPP Operasional Pemerintahan Kampong","5413200","0","1","",""
"2019","0010/SPP/04.2014/2019","2019-04-29 00:00:00","LS","04.2014.","SPP Pemutakhiran Profil Desa","1665000","0","1","",""
"2019","0011/SPP/04.2014/2019","2019-04-29 00:00:00","LS","04.2014.","SPP Kegiatan Musdes ","1150000","0","1","",""
"2019","0012/SPP/04.2014/2019","2019-04-29 00:00:00","LS","04.2014.","SPP Penyusunan APBDes 2019","2055000","0","1","",""
"2019","0013/SPP/04.2014/2019","2019-04-29 00:00:00","LS","04.2014.","SPP Kegiatan Pembinaan PKK","0","0","1","",""
"2019","0014/SPP/04.2014/2019","2019-05-01 00:00:00","LS","04.2014.","SPP Penghasilan Tetap dan Tunjangan Kepala Desa","8100000","0","1","",""
"2019","0015/SPP/04.2014/2019","2019-05-01 00:00:00","LS","04.2014.","SPP Penghasilan Tetap Perangkat Desa","31200000","0","1","",""
"2019","0016/SPP/04.2014/2019","2019-05-01 00:00:00","LS","04.2014.","SPP Penyediaan Operasional Pemerintah Desa (ATK, Honor PKPKD dan PPKD dll)","2600000","0","1","",""
"2019","0017/SPP/04.2014/2019","2019-05-01 00:00:00","LS","04.2014.","SPP Tunjangan BPD","12937000","0","1","",""
"2019","0018/SPP/04.2014/2019","2019-05-01 00:00:00","LS","04.2014.","SPP Penyelenggaraan Musyawarah Perencanaan Desa/Pembahasan APBDes (Reguler)","2230000","127200","1","",""
"2019","0019/SPP/04.2014/2019","2019-05-01 00:00:00","LS","04.2014.","SPP Belanja Jasa Honorarium/Insentif Pengurus Jamaah","23625000","0","1","",""
"2019","0020/SPP/04.2014/2019","2019-05-01 00:00:00","LS","04.2014.","SPP Penghasilan Tetap dan Tunjangan Kepala Desa","2200000","0","1","",""
"2019","0021/SPP/04.2014/2019","2019-05-01 00:00:00","LS","04.2014.","SPP Penyediaan Penghasilan Tetap dan Tunjangan Perangkat Desa","9200000","0","1","",""
"2019","0022/SPP/04.2014/2019","2019-05-01 00:00:00","LS","04.2014.","SPP Penyediaan Tunjangan BPD","4150000","0","1","",""
"2019","0023/SPP/04.2014/2019","2019-05-01 00:00:00","LS","04.2014.","SPP Penguatan & Peningkatan Kapasitas Tenaga Keamanan/Ketertiban oleh Pemdes","800000","0","1","",""
"2019","0024/SPP/04.2014/2019","2019-05-01 00:00:00","LS","04.2014.","SPP Pembinaan Perangkat Keagamaan Desa","7137500","0","1","",""
"2019","0025/SPP/04.2014/2019","2019-06-02 00:00:00","LS","04.2014.","SPP Penyelenggaran PAUD/TK/TPA/TKA/TPQ/Madrasah NonFormal Milik Desa (Honor, Pakaian dll)","1400000","0","1","",""
"2019","0026/SPP/04.2014/2019","2019-06-02 00:00:00","LS","04.2014.","SPP Paving Block PAUD/TK","28924000","2132500","1","",""
"2019","0027/SPP/04.2014/2019","2019-06-02 00:00:00","LS","04.2014.","SPP Pembangunan/Rehabilitas/Peningkatan/Pengerasan Jalan Desa **)
","69753000","0","1","",""
"2019","0028/SPP/04.2014/2019","2019-06-14 00:00:00","LS","04.2014.","SPP Pembangunan Drainase Dusun Persatuan","40221000","0","1","",""
"2019","0029/SPP/04.2014/2019","2019-06-27 00:00:00","LS","04.2014.","SPP Penyelenggaraan Pos Kesehatan Desa/Polindes Milik Desa (obat, Insentif, KB, dsb)
","3000000","0","1","",""
"2019","0030/SPP/04.2014/2019","2019-06-27 00:00:00","LS","04.2014.","SPP Penyelenggaraan Posyandu (Mkn Tambahan, Kls Bumil, Lamsia, Insentif)","1200000","0","1","",""
"2019","0031/SPP/04.2014/2019","2019-06-27 00:00:00","LS","04.2014.","SPP Peningkatan Kapsitas Perangkat Kampong","12450000","0","1","",""
"2019","0032/SPP/04.2014/2019","2019-07-22 00:00:00","LS","04.2014.","SPP Honorarium/Insentif Guru PAUD ","4200000","0","1","",""
"2019","0033/SPP/04.2014/2019","2019-07-22 00:00:00","LS","04.2014.","SPP Penyelenggaraan Pos Kesehatan Desa/Polindes Milik Desa (obat, Insentif, KB, dsb)","14000000","0","1","","33"
"2019","0034/SPP/04.2014/2019","2019-07-22 00:00:00","LS","04.2014.","SPP Penyelenggaraan Posyandu (Mkn Tambahan, Kls Bumil, Lamsia, Insentif)","3600000","0","2","SPP ","34"
"2019","0035/SPP/04.2014/2019","2019-07-22 00:00:00","LS","04.2014.","SPP Pembinaan dan Pengawasan Upaya Kesehatan Tradisional","15476000","0","1","SPP ","35"
"2019","0036/SPP/04.2014/2019","2019-07-22 00:00:00","LS","04.2014.","SPP Pembangunan/Rehabilitasi/Peningkatan/Pengadaan Sarana/Prasarana Posyandu/Polindes/PKD **","60108000","0","1","SPP ","36"
"2019","0037/SPP/04.2014/2019","2019-07-22 00:00:00","LS","04.2014.","SPP Pembangunan/Rehabilitas/Peningkatan/Pengerasan Jalan Desa **)","15100000","0","2","SPP ","37"
"2019","0038/SPP/04.2014/2019","2019-07-22 00:00:00","LS","04.2014.","SPP Pembangunan/Rehabilitasi/Peningkatan/Pengerasan Jembatan Milik Desa **)","95824000","0","1","SPP ","38"
"2019","0039/SPP/04.2014/2019","2019-07-22 00:00:00","LS","04.2014.","SPP Pembangunan/Rehabilitasi/Peningkatan Prasarana Jalan Desa (Gorong, selokan dll)","13069000","0","1","SPP ","39"
"2019","0040/SPP/04.2014/2019","2019-07-22 00:00:00","LS","04.2014.","SPP Penerangan Lingkungan","9825000","0","2","SPP ","40"
"2019","0041/SPP/04.2014/2019","2019-07-22 00:00:00","LS","04.2014.","SPP Penyelenggaraan Informasi Publik Desa (Poster, Baliho Dll)","800000","0","1","SPP ","41"
"2019","0042/SPP/04.2014/2019","2019-07-22 00:00:00","LS","04.2014.","SPP Pembuatan dan Pengelolaan Jaringan/Instalasi Komunikasi dan Informasi Lokal Desa","600000","0","1","SPP ","42"
"2019","0043/SPP/04.2014/2019","2019-07-22 00:00:00","LS","04.2014.","SPP Peningkatan Produksi Peternakan  (alat produksi/pengelolaan/kandang)","45000000","0","2","SPP ","43"
"2019","0044/SPP/04.2014/2019","2019-07-22 00:00:00","LS","04.2014.","SPP Perkeasan Jalan SMA","15100000","0","1","","0"
"2019","0045/SPP/04.2014/2019","2019-07-22 00:00:00","LS","04.2014.","SPP Pembangunan Jembatan Desa","95824000","0","1","","0"
"2019","0046/SPP/04.2014/2019","2019-07-22 00:00:00","LS","04.2014.","SPP Pembangunan Gorong-gorong","5881000","0","1","","0"
"2019","0047/SPP/04.2014/2019","2019-07-22 00:00:00","LS","04.2014.","SPP Pembangunan Drainase Dusun Persatuan","7533000","0","1","","0"
"2019","0048/SPP/04.2014/2019","2019-07-22 00:00:00","LS","04.2014.","SPP Penyelenggaraan Informasi Publik Desa (Poster, Baliho Dll)","800000","0","1","","0"
"2019","0049/SPP/04.2014/2019","2019-07-22 00:00:00","LS","04.2014.","SPP Pengelolaan Jaringan/Instalasi Komunikasi dan Informasi Lokal Desa","600000","0","1","","0"
"2019","0050/SPP/04.2014/2019","2019-07-22 00:00:00","LS","04.2014.","SPP Pembuatan Alat Produksi Pakan Peternakan","45000000","0","1","","0"
"2019","0051/SPP/04.2014/2019","2019-07-22 00:00:00","LS","04.2014.","SPP Peningkatan Kapasitas BPD","6700000","0","1","","0"
"2019","0052/SPP/04.2014/2019","2019-07-22 00:00:00","LS","04.2014.","SPP Insentif Guru TPA","8000000","0","1","","0"
